UserID,Name,Age,Occupation,Week,StudyHours,WorkHours,ExerciseHours,ScreenTimeHours,ProductivityScore
1,William,39,Engineer,1,5.0,34.8,4.2,44.6,10.9
1,William,39,Engineer,2,10.3,29.6,4.6,41.6,9.6
1,William,39,Engineer,3,10.0,26.1,3.5,35.9,10.0
1,William,39,Engineer,4,8.2,42.5,4.8,47.0,14.1
1,William,39,Engineer,5,10.8,34.8,4.1,37.5,13.7
1,William,39,Engineer,6,12.0,24.3,3.2,38.4,9.9
1,William,39,Engineer,7,16.4,35.7,2.5,23.6,18.4
1,William,39,Engineer,8,12.9,28.4,2.8,49.6,11.6
1,William,39,Engineer,9,10.1,36.9,0.2,56.0,8.8
1,William,39,Engineer,10,7.5,34.7,2.8,32.7,11.2
1,William,39,Engineer,11,5.8,28.8,3.5,26.4,11.0
1,William,39,Engineer,12,9.7,27.6,3.0,42.0,8.1
2,Cynthia,19,Designer,1,7.0,30.1,2.4,30.1,11.3
2,Cynthia,19,Designer,2,9.8,30.2,3.0,36.2,11.7
2,Cynthia,19,Designer,3,8.2,28.1,2.4,45.4,7.4
2,Cynthia,19,Designer,4,14.5,23.2,4.9,39.3,12.1
2,Cynthia,19,Designer,5,14.4,24.8,1.0,44.8,10.6
2,Cynthia,19,Designer,6,7.9,20.3,4.4,18.7,8.8
2,Cynthia,19,Designer,7,11.7,25.8,2.5,41.8,10.3
2,Cynthia,19,Designer,8,11.8,37.5,5.1,30.2,13.7
2,Cynthia,19,Designer,9,11.7,25.4,4.3,49.4,7.7
2,Cynthia,19,Designer,10,12.7,31.6,2.0,22.2,15.8
2,Cynthia,19,Designer,11,8.8,29.1,1.5,35.2,8.0
2,Cynthia,19,Designer,12,9.2,34.2,3.2,28.1,13.0
3,Manuel,40,Designer,1,11.7,28.7,3.7,30.4,10.5
3,Manuel,40,Designer,2,9.7,27.4,5.0,39.0,10.5
3,Manuel,40,Designer,3,8.9,35.4,3.6,29.1,12.6
3,Manuel,40,Designer,4,10.9,28.3,1.7,43.2,10.7
3,Manuel,40,Designer,5,12.5,28.4,1.8,28.9,12.7
3,Manuel,40,Designer,6,15.1,21.9,3.6,37.7,10.5
3,Manuel,40,Designer,7,7.0,30.1,3.0,23.0,11.6
3,Manuel,40,Designer,8,10.3,33.2,0.8,43.7,9.6
3,Manuel,40,Designer,9,15.0,29.0,2.3,31.6,11.9
3,Manuel,40,Designer,10,8.8,27.1,1.4,38.3,7.1
3,Manuel,40,Designer,11,16.0,30.5,1.7,31.8,14.6
3,Manuel,40,Designer,12,10.5,32.5,1.9,33.9,12.7
4,Daniel,30,Manager,1,10.7,28.1,0.9,33.9,11.1
4,Daniel,30,Manager,2,14.1,31.2,3.4,33.6,13.1
4,Daniel,30,Manager,3,6.7,28.0,3.7,34.5,7.7
4,Daniel,30,Manager,4,9.0,27.2,1.6,24.5,11.0
4,Daniel,30,Manager,5,11.1,31.1,2.1,30.5,12.4
4,Daniel,30,Manager,6,5.7,27.2,2.9,38.8,6.2
4,Daniel,30,Manager,7,17.1,34.0,3.9,16.6,18.7
4,Daniel,30,Manager,8,5.4,17.7,2.1,44.7,3.8
4,Daniel,30,Manager,9,13.0,37.0,3.1,41.1,14.3
4,Daniel,30,Manager,10,9.8,31.8,1.5,43.0,10.5
4,Daniel,30,Manager,11,11.9,29.9,3.1,16.2,14.3
4,Daniel,30,Manager,12,12.1,34.5,2.6,36.8,12.3
5,Angela,19,Designer,1,5.9,24.5,2.7,41.4,8.7
5,Angela,19,Designer,2,11.5,37.9,2.2,57.3,10.2
5,Angela,19,Designer,3,9.8,43.8,2.6,49.2,14.3
5,Angela,19,Designer,4,14.0,30.3,1.7,42.9,13.5
5,Angela,19,Designer,5,12.4,32.9,1.5,20.7,13.7
5,Angela,19,Designer,6,9.8,38.8,3.1,30.2,13.1
5,Angela,19,Designer,7,9.9,22.2,3.2,45.2,9.7
5,Angela,19,Designer,8,8.2,35.1,2.9,43.0,10.7
5,Angela,19,Designer,9,7.9,22.0,3.5,26.5,6.9
5,Angela,19,Designer,10,5.3,26.5,4.0,42.7,7.7
5,Angela,19,Designer,11,10.4,27.0,0.6,32.4,10.1
5,Angela,19,Designer,12,9.5,28.3,5.4,30.7,12.0
6,Brandon,22,Engineer,1,15.4,35.8,3.8,48.2,13.2
6,Brandon,22,Engineer,2,13.6,33.0,4.2,10.0,16.1
6,Brandon,22,Engineer,3,10.4,22.9,3.3,34.5,8.7
6,Brandon,22,Engineer,4,7.2,22.3,5.1,37.6,6.7
6,Brandon,22,Engineer,5,11.8,29.4,2.1,35.9,13.5
6,Brandon,22,Engineer,6,7.7,36.4,2.5,43.6,10.9
6,Brandon,22,Engineer,7,10.2,24.7,3.3,30.0,8.8
6,Brandon,22,Engineer,8,6.2,27.4,1.9,47.5,7.1
6,Brandon,22,Engineer,9,8.8,30.9,2.8,41.9,11.8
6,Brandon,22,Engineer,10,7.9,29.2,3.2,38.8,10.0
6,Brandon,22,Engineer,11,13.1,28.6,2.7,42.9,10.4
6,Brandon,22,Engineer,12,6.9,27.6,4.2,32.2,10.2
7,Larry,19,Freelancer,1,14.4,33.7,4.0,28.8,13.7
7,Larry,19,Freelancer,2,11.7,31.8,2.7,47.3,12.9
7,Larry,19,Freelancer,3,10.1,28.5,2.4,23.0,12.6
7,Larry,19,Freelancer,4,10.6,25.9,2.8,22.9,10.7
7,Larry,19,Freelancer,5,10.9,40.2,2.8,35.0,16.6
7,Larry,19,Freelancer,6,8.7,21.6,3.0,45.5,5.9
7,Larry,19,Freelancer,7,14.9,30.0,4.8,45.9,13.5
7,Larry,19,Freelancer,8,11.3,36.4,2.4,37.1,13.4
7,Larry,19,Freelancer,9,14.5,34.1,2.4,17.8,14.4
7,Larry,19,Freelancer,10,13.3,29.8,3.3,38.5,11.6
7,Larry,19,Freelancer,11,1.5,31.1,4.8,24.4,7.0
7,Larry,19,Freelancer,12,7.7,41.6,3.7,48.3,11.1
8,James,18,Designer,1,10.7,29.7,2.3,17.2,11.0
8,James,18,Designer,2,7.8,34.5,4.0,29.3,12.0
8,James,18,Designer,3,9.5,34.4,3.7,40.4,13.1
8,James,18,Designer,4,16.3,30.9,3.2,44.8,14.6
8,James,18,Designer,5,10.5,28.8,1.8,51.1,7.5
8,James,18,Designer,6,9.1,30.3,3.1,40.8,10.2
8,James,18,Designer,7,5.4,33.3,2.1,10.0,12.5
8,James,18,Designer,8,6.2,31.9,1.0,31.1,9.9
8,James,18,Designer,9,10.6,31.9,3.9,52.7,10.4
8,James,18,Designer,10,13.7,41.1,2.5,34.8,17.5
8,James,18,Designer,11,13.4,31.6,0.6,30.5,14.5
8,James,18,Designer,12,11.2,39.1,4.3,43.4,15.7
9,Randy,19,Student,1,6.2,26.4,2.7,32.9,7.4
9,Randy,19,Student,2,15.4,33.8,2.1,53.0,14.4
9,Randy,19,Student,3,7.2,30.7,1.6,14.7,12.7
9,Randy,19,Student,4,11.5,26.7,2.9,28.9,13.2
9,Randy,19,Student,5,12.2,37.5,2.3,22.9,15.8
9,Randy,19,Student,6,7.5,29.4,3.8,29.3,9.8
9,Randy,19,Student,7,10.3,28.5,3.1,27.3,12.1
9,Randy,19,Student,8,12.3,27.6,3.3,37.3,11.0
9,Randy,19,Student,9,6.5,31.0,2.0,38.4,10.2
9,Randy,19,Student,10,14.2,32.3,6.1,36.2,15.9
9,Randy,19,Student,11,11.1,31.7,2.3,41.5,9.8
9,Randy,19,Student,12,4.7,32.4,3.9,39.4,9.5
10,Sarah,19,Freelancer,1,8.8,31.7,3.0,31.2,13.2
10,Sarah,19,Freelancer,2,12.6,27.7,2.1,18.0,11.4
10,Sarah,19,Freelancer,3,8.0,23.5,2.5,48.1,7.3
10,Sarah,19,Freelancer,4,12.0,33.2,3.1,35.2,12.7
10,Sarah,19,Freelancer,5,2.9,36.9,2.3,44.0,9.4
10,Sarah,19,Freelancer,6,11.1,19.0,4.7,33.1,9.8
10,Sarah,19,Freelancer,7,6.6,35.6,2.0,26.9,12.1
10,Sarah,19,Freelancer,8,11.5,33.2,3.9,39.7,14.5
10,Sarah,19,Freelancer,9,6.9,29.3,4.4,18.9,11.7
10,Sarah,19,Freelancer,10,12.3,33.1,3.4,30.3,13.3
10,Sarah,19,Freelancer,11,8.0,34.3,3.5,38.4,10.1
10,Sarah,19,Freelancer,12,10.1,24.8,4.5,36.8,11.1
11,Andrew,42,Designer,1,10.7,31.7,1.5,38.6,11.1
11,Andrew,42,Designer,2,13.3,24.5,3.0,28.2,12.3
11,Andrew,42,Designer,3,14.5,31.6,2.0,33.2,13.7
11,Andrew,42,Designer,4,9.8,23.8,3.8,32.5,9.5
11,Andrew,42,Designer,5,12.7,23.0,4.2,52.4,10.8
11,Andrew,42,Designer,6,8.6,30.4,3.1,20.6,12.1
11,Andrew,42,Designer,7,4.6,29.2,3.7,40.3,9.3
11,Andrew,42,Designer,8,18.2,26.8,3.0,28.1,13.9
11,Andrew,42,Designer,9,10.0,37.1,3.4,33.1,14.6
11,Andrew,42,Designer,10,9.9,24.6,4.2,50.7,8.4
11,Andrew,42,Designer,11,11.5,29.7,2.9,47.9,10.1
11,Andrew,42,Designer,12,13.9,24.9,3.6,46.7,10.4
12,Jason,33,Manager,1,10.0,27.7,3.6,23.1,10.6
12,Jason,33,Manager,2,8.6,26.8,2.9,10.0,10.4
12,Jason,33,Manager,3,8.8,26.8,2.1,37.9,9.4
12,Jason,33,Manager,4,12.7,30.0,5.0,30.3,15.0
12,Jason,33,Manager,5,9.3,30.1,2.3,17.9,14.0
12,Jason,33,Manager,6,13.0,25.9,2.3,27.0,10.7
12,Jason,33,Manager,7,11.6,18.4,3.3,29.1,8.4
12,Jason,33,Manager,8,10.1,17.7,1.9,42.2,7.5
12,Jason,33,Manager,9,7.0,22.6,2.0,32.2,6.5
12,Jason,33,Manager,10,6.1,28.4,0.3,45.6,7.9
12,Jason,33,Manager,11,10.4,25.5,3.1,22.6,11.8
12,Jason,33,Manager,12,14.6,23.5,1.8,22.6,10.8
13,Katherine,23,Student,1,4.9,27.1,1.6,38.3,7.2
13,Katherine,23,Student,2,6.4,31.4,2.9,34.2,11.6
13,Katherine,23,Student,3,8.1,34.3,2.8,36.0,10.5
13,Katherine,23,Student,4,8.1,31.3,2.9,21.8,11.2
13,Katherine,23,Student,5,10.0,27.8,2.9,32.3,10.6
13,Katherine,23,Student,6,9.9,28.8,5.2,20.3,11.8
13,Katherine,23,Student,7,10.8,35.0,3.8,23.4,16.0
13,Katherine,23,Student,8,11.5,35.9,3.3,26.0,15.9
13,Katherine,23,Student,9,7.1,25.1,3.4,53.8,6.5
13,Katherine,23,Student,10,10.5,41.9,4.9,46.6,15.6
13,Katherine,23,Student,11,14.1,23.3,3.5,48.7,9.2
13,Katherine,23,Student,12,15.0,32.3,5.2,41.6,15.9
14,Carol,43,Engineer,1,14.4,35.2,3.0,22.9,15.7
14,Carol,43,Engineer,2,11.3,24.1,3.3,53.8,7.5
14,Carol,43,Engineer,3,11.9,31.1,2.7,45.5,13.0
14,Carol,43,Engineer,4,3.6,33.2,2.6,39.0,8.9
14,Carol,43,Engineer,5,9.0,28.2,1.3,26.6,12.5
14,Carol,43,Engineer,6,9.1,30.3,3.8,40.6,11.4
14,Carol,43,Engineer,7,8.5,25.5,2.7,44.1,8.4
14,Carol,43,Engineer,8,13.3,24.3,3.4,33.7,10.2
14,Carol,43,Engineer,9,6.4,26.9,4.5,33.3,7.6
14,Carol,43,Engineer,10,13.8,36.2,3.8,27.7,14.7
14,Carol,43,Engineer,11,7.6,29.9,3.3,42.0,9.4
14,Carol,43,Engineer,12,11.1,31.5,5.3,24.1,12.0
15,Sean,20,Student,1,10.8,31.1,3.1,34.0,13.2
15,Sean,20,Student,2,10.2,39.8,3.7,23.9,16.3
15,Sean,20,Student,3,5.6,31.2,3.3,47.7,6.1
15,Sean,20,Student,4,10.7,28.3,0.6,25.4,12.4
15,Sean,20,Student,5,12.6,37.8,3.3,22.7,18.0
15,Sean,20,Student,6,13.2,38.5,2.3,35.5,16.5
15,Sean,20,Student,7,5.2,29.7,2.3,45.0,7.4
15,Sean,20,Student,8,10.7,20.9,3.9,42.7,8.5
15,Sean,20,Student,9,15.4,28.2,3.1,42.4,13.0
15,Sean,20,Student,10,6.1,31.6,4.1,43.5,8.1
15,Sean,20,Student,11,10.3,33.3,2.0,47.5,10.0
15,Sean,20,Student,12,10.4,27.6,2.6,39.7,9.9
16,Suzanne,32,Freelancer,1,12.1,33.0,3.5,46.0,11.0
16,Suzanne,32,Freelancer,2,12.1,26.2,0.3,52.2,10.7
16,Suzanne,32,Freelancer,3,9.3,32.9,2.3,41.1,11.2
16,Suzanne,32,Freelancer,4,10.1,31.3,2.2,24.2,13.5
16,Suzanne,32,Freelancer,5,13.5,30.4,4.4,32.8,14.2
16,Suzanne,32,Freelancer,6,10.4,24.6,2.8,35.3,11.1
16,Suzanne,32,Freelancer,7,13.3,28.6,2.1,31.4,11.3
16,Suzanne,32,Freelancer,8,6.9,32.4,2.7,40.8,10.8
16,Suzanne,32,Freelancer,9,8.9,31.7,1.7,55.4,8.2
16,Suzanne,32,Freelancer,10,10.0,32.3,1.5,18.6,12.3
16,Suzanne,32,Freelancer,11,12.5,26.2,3.6,25.4,11.3
16,Suzanne,32,Freelancer,12,8.3,32.4,4.7,48.9,10.3
17,David,40,Engineer,1,4.2,26.2,3.6,52.6,6.6
17,David,40,Engineer,2,6.2,28.3,1.4,37.0,9.6
17,David,40,Engineer,3,9.5,33.6,2.8,49.8,9.5
17,David,40,Engineer,4,15.0,34.1,1.0,46.3,14.4
17,David,40,Engineer,5,10.3,35.7,2.1,29.5,13.8
17,David,40,Engineer,6,9.3,39.3,3.5,14.4,15.1
17,David,40,Engineer,7,8.7,32.1,2.6,46.3,10.9
17,David,40,Engineer,8,5.9,37.9,3.5,24.4,13.2
17,David,40,Engineer,9,12.6,24.6,4.3,29.8,10.3
17,David,40,Engineer,10,4.6,35.4,1.8,16.1,12.7
17,David,40,Engineer,11,14.3,41.5,2.4,29.9,18.4
17,David,40,Engineer,12,12.7,35.2,2.6,34.5,12.7
18,Megan,42,Manager,1,17.7,35.4,1.3,33.4,16.3
18,Megan,42,Manager,2,5.8,32.9,4.9,52.3,10.0
18,Megan,42,Manager,3,6.3,36.1,2.8,16.1,14.0
18,Megan,42,Manager,4,3.1,27.2,3.9,36.3,6.1
18,Megan,42,Manager,5,5.9,30.6,2.8,30.4,8.7
18,Megan,42,Manager,6,12.1,30.1,4.8,12.2,14.3
18,Megan,42,Manager,7,7.0,31.6,2.5,41.7,9.7
18,Megan,42,Manager,8,8.6,27.0,1.0,44.4,6.9
18,Megan,42,Manager,9,11.0,40.9,3.9,41.9,15.6
18,Megan,42,Manager,10,9.5,26.8,2.8,45.0,8.2
18,Megan,42,Manager,11,9.4,28.9,2.6,31.3,11.0
18,Megan,42,Manager,12,9.8,28.9,2.2,36.1,8.8
19,Jonathan,28,Engineer,1,9.9,27.1,1.5,25.1,11.0
19,Jonathan,28,Engineer,2,9.6,39.0,3.3,54.2,10.4
19,Jonathan,28,Engineer,3,6.5,28.3,3.6,40.9,9.7
19,Jonathan,28,Engineer,4,11.4,34.3,1.7,32.9,12.7
19,Jonathan,28,Engineer,5,11.3,39.0,3.8,45.8,13.8
19,Jonathan,28,Engineer,6,15.3,27.6,0.3,31.0,14.6
19,Jonathan,28,Engineer,7,13.2,22.9,3.4,37.3,9.7
19,Jonathan,28,Engineer,8,8.8,19.4,3.1,43.3,8.2
19,Jonathan,28,Engineer,9,5.1,26.7,3.1,23.3,7.0
19,Jonathan,28,Engineer,10,11.3,32.7,5.0,28.1,12.5
19,Jonathan,28,Engineer,11,12.3,28.4,0.9,43.6,9.8
19,Jonathan,28,Engineer,12,5.9,29.9,2.0,40.3,8.2
20,Christine,43,Student,1,15.6,39.0,4.2,30.9,15.7
20,Christine,43,Student,2,12.6,34.3,4.5,27.8,14.7
20,Christine,43,Student,3,16.1,26.3,3.3,41.7,12.5
20,Christine,43,Student,4,10.3,31.2,2.0,53.2,10.2
20,Christine,43,Student,5,10.0,23.0,2.4,40.4,7.2
20,Christine,43,Student,6,9.3,27.5,3.3,29.5,10.0
20,Christine,43,Student,7,10.1,36.6,3.0,45.9,13.6
20,Christine,43,Student,8,10.8,28.1,3.2,35.1,12.3
20,Christine,43,Student,9,9.5,28.0,2.3,33.2,11.3
20,Christine,43,Student,10,7.2,31.4,3.2,34.9,11.7
20,Christine,43,Student,11,5.0,34.1,2.8,47.8,9.7
20,Christine,43,Student,12,11.5,38.1,2.6,29.4,14.5
21,Amanda,25,Manager,1,11.0,34.9,2.9,10.7,15.8
21,Amanda,25,Manager,2,4.9,35.3,3.9,30.2,12.4
21,Amanda,25,Manager,3,7.9,26.8,3.0,34.8,8.7
21,Amanda,25,Manager,4,8.3,39.2,5.4,25.2,16.4
21,Amanda,25,Manager,5,8.5,19.7,3.2,44.3,7.7
21,Amanda,25,Manager,6,12.1,29.5,2.9,35.3,12.7
21,Amanda,25,Manager,7,6.3,25.4,1.4,45.9,4.8
21,Amanda,25,Manager,8,10.4,36.5,4.0,43.8,12.5
21,Amanda,25,Manager,9,9.4,35.0,0.7,39.9,11.5
21,Amanda,25,Manager,10,5.0,35.2,4.0,45.0,8.5
21,Amanda,25,Manager,11,6.3,34.0,4.1,56.1,7.9
21,Amanda,25,Manager,12,11.1,29.5,4.0,43.7,9.6
22,Nicholas,33,Manager,1,12.4,32.1,3.1,36.8,12.2
22,Nicholas,33,Manager,2,14.7,28.3,2.8,39.2,13.1
22,Nicholas,33,Manager,3,11.3,34.5,1.8,29.8,13.1
22,Nicholas,33,Manager,4,12.4,28.1,2.4,32.2,10.9
22,Nicholas,33,Manager,5,11.1,25.3,3.8,57.6,7.3
22,Nicholas,33,Manager,6,10.0,31.9,4.3,37.4,10.9
22,Nicholas,33,Manager,7,10.5,38.3,3.2,43.7,13.2
22,Nicholas,33,Manager,8,7.9,24.9,4.1,41.0,7.9
22,Nicholas,33,Manager,9,7.4,29.4,1.6,35.4,8.1
22,Nicholas,33,Manager,10,8.9,36.2,1.5,39.5,11.2
22,Nicholas,33,Manager,11,12.8,36.7,4.2,39.1,14.0
22,Nicholas,33,Manager,12,8.1,28.3,1.1,41.3,7.8
23,Brandy,28,Student,1,14.9,31.1,3.1,47.2,13.1
23,Brandy,28,Student,2,10.0,30.5,3.2,43.9,10.3
23,Brandy,28,Student,3,12.6,24.7,5.0,21.2,11.2
23,Brandy,28,Student,4,10.3,24.4,2.9,39.6,8.2
23,Brandy,28,Student,5,5.8,26.0,3.8,34.8,6.7
23,Brandy,28,Student,6,9.1,32.2,2.5,41.2,12.4
23,Brandy,28,Student,7,13.3,30.9,2.4,35.1,11.7
23,Brandy,28,Student,8,4.9,33.1,2.8,33.5,10.7
23,Brandy,28,Student,9,7.9,30.4,3.9,17.7,12.8
23,Brandy,28,Student,10,17.3,28.8,4.1,41.9,12.4
23,Brandy,28,Student,11,9.9,29.0,3.6,53.4,9.3
23,Brandy,28,Student,12,9.4,24.0,3.2,33.4,11.1
24,Justin,45,Designer,1,10.7,25.9,3.7,42.7,11.0
24,Justin,45,Designer,2,8.2,28.2,2.6,33.5,8.4
24,Justin,45,Designer,3,8.0,32.1,4.8,36.1,11.2
24,Justin,45,Designer,4,7.8,28.6,1.7,43.2,10.5
24,Justin,45,Designer,5,4.5,30.5,3.6,49.1,7.6
24,Justin,45,Designer,6,8.9,31.4,2.0,36.6,9.2
24,Justin,45,Designer,7,8.2,38.8,1.4,35.1,10.8
24,Justin,45,Designer,8,7.6,31.6,1.7,42.6,10.9
24,Justin,45,Designer,9,15.6,31.2,2.4,29.0,13.0
24,Justin,45,Designer,10,7.7,17.1,2.6,46.3,4.6
24,Justin,45,Designer,11,9.0,40.0,2.4,23.6,14.6
24,Justin,45,Designer,12,10.1,35.3,2.8,36.7,12.4
25,Mario,34,Student,1,8.9,28.9,3.0,32.7,11.8
25,Mario,34,Student,2,8.8,29.7,2.4,37.0,11.1
25,Mario,34,Student,3,6.8,37.0,2.8,32.3,12.9
25,Mario,34,Student,4,15.8,26.7,2.0,60.4,11.7
25,Mario,34,Student,5,9.3,33.6,3.3,54.7,11.8
25,Mario,34,Student,6,4.7,26.4,3.2,29.8,8.7
25,Mario,34,Student,7,12.1,29.7,2.3,15.5,12.1
25,Mario,34,Student,8,10.0,36.1,3.2,23.8,14.8
25,Mario,34,Student,9,14.1,34.7,3.5,46.7,14.3
25,Mario,34,Student,10,7.7,41.9,3.5,27.7,15.0
25,Mario,34,Student,11,13.7,27.1,1.7,19.2,15.0
25,Mario,34,Student,12,8.7,21.0,4.4,53.6,5.3
26,Mark,22,Manager,1,4.5,24.6,3.1,30.1,5.8
26,Mark,22,Manager,2,12.4,29.4,2.8,37.8,12.8
26,Mark,22,Manager,3,11.8,25.1,4.1,28.9,11.9
26,Mark,22,Manager,4,10.3,33.1,5.5,37.8,13.5
26,Mark,22,Manager,5,13.5,25.3,1.3,47.9,10.9
26,Mark,22,Manager,6,17.6,35.3,3.6,33.0,15.6
26,Mark,22,Manager,7,7.3,25.2,3.6,34.5,10.1
26,Mark,22,Manager,8,10.9,29.7,1.8,41.1,10.0
26,Mark,22,Manager,9,11.5,33.4,2.7,32.2,11.5
26,Mark,22,Manager,10,16.6,33.6,2.7,35.4,15.8
26,Mark,22,Manager,11,11.9,33.3,2.5,28.7,11.6
26,Mark,22,Manager,12,9.4,24.1,2.9,34.1,9.4
27,Alejandro,26,Engineer,1,10.7,29.0,3.8,24.6,10.4
27,Alejandro,26,Engineer,2,13.0,32.9,1.7,36.6,12.7
27,Alejandro,26,Engineer,3,9.0,40.5,3.7,38.2,13.4
27,Alejandro,26,Engineer,4,16.6,33.5,4.0,40.7,14.6
27,Alejandro,26,Engineer,5,8.7,25.9,3.7,44.3,8.9
27,Alejandro,26,Engineer,6,7.1,31.1,2.8,39.5,9.4
27,Alejandro,26,Engineer,7,12.4,31.6,4.7,42.5,13.2
27,Alejandro,26,Engineer,8,6.2,22.8,2.5,40.4,6.9
27,Alejandro,26,Engineer,9,12.2,27.5,4.3,33.8,12.8
27,Alejandro,26,Engineer,10,7.0,30.9,4.1,31.7,8.9
27,Alejandro,26,Engineer,11,8.9,29.1,4.4,24.2,12.7
27,Alejandro,26,Engineer,12,14.8,24.7,3.3,31.7,13.2
28,Shannon,45,Engineer,1,7.1,24.2,2.9,31.9,8.0
28,Shannon,45,Engineer,2,5.9,35.2,2.5,49.9,8.0
28,Shannon,45,Engineer,3,6.0,34.5,4.5,32.9,11.3
28,Shannon,45,Engineer,4,5.4,22.9,3.1,33.7,6.4
28,Shannon,45,Engineer,5,16.5,35.2,4.4,38.3,16.8
28,Shannon,45,Engineer,6,9.7,28.4,3.2,45.7,8.8
28,Shannon,45,Engineer,7,12.2,34.7,4.3,27.8,14.1
28,Shannon,45,Engineer,8,9.6,27.3,2.8,31.9,11.2
28,Shannon,45,Engineer,9,7.9,37.9,1.0,23.7,11.6
28,Shannon,45,Engineer,10,5.2,34.7,3.5,39.7,10.6
28,Shannon,45,Engineer,11,9.9,31.1,4.2,16.6,12.7
28,Shannon,45,Engineer,12,11.4,31.5,1.4,31.8,11.3
29,Justin,42,Designer,1,9.5,31.0,2.8,48.2,10.3
29,Justin,42,Designer,2,8.6,20.3,4.1,25.6,7.2
29,Justin,42,Designer,3,8.0,27.9,2.4,27.6,8.8
29,Justin,42,Designer,4,9.4,34.1,3.2,39.1,13.1
29,Justin,42,Designer,5,12.0,34.3,0.6,44.8,13.7
29,Justin,42,Designer,6,8.2,32.9,1.8,36.9,8.9
29,Justin,42,Designer,7,11.2,26.6,4.1,48.3,10.5
29,Justin,42,Designer,8,5.4,30.9,1.6,37.9,8.5
29,Justin,42,Designer,9,6.9,32.6,2.3,26.2,10.4
29,Justin,42,Designer,10,10.2,35.7,3.3,32.1,14.5
29,Justin,42,Designer,11,7.8,27.2,4.0,22.3,10.0
29,Justin,42,Designer,12,9.1,30.8,3.5,17.3,12.6
30,Anita,22,Engineer,1,9.3,25.1,3.0,37.6,8.7
30,Anita,22,Engineer,2,7.3,42.1,4.1,33.1,12.7
30,Anita,22,Engineer,3,2.0,29.0,1.8,33.5,8.4
30,Anita,22,Engineer,4,11.8,23.6,3.2,36.9,10.9
30,Anita,22,Engineer,5,10.8,34.4,4.0,42.6,14.2
30,Anita,22,Engineer,6,9.3,26.5,3.8,31.9,12.1
30,Anita,22,Engineer,7,6.3,37.5,2.2,35.3,11.4
30,Anita,22,Engineer,8,12.5,34.3,3.9,24.2,15.5
30,Anita,22,Engineer,9,13.2,32.5,3.1,44.2,11.2
30,Anita,22,Engineer,10,7.8,34.1,3.6,24.2,13.3
30,Anita,22,Engineer,11,16.6,27.7,2.8,26.6,16.4
30,Anita,22,Engineer,12,8.2,32.6,4.6,46.0,11.5
31,Sharon,27,Designer,1,14.1,22.0,2.5,28.4,11.0
31,Sharon,27,Designer,2,5.3,35.0,2.6,22.0,10.5
31,Sharon,27,Designer,3,11.9,25.8,1.7,48.9,8.3
31,Sharon,27,Designer,4,9.1,28.3,2.5,34.8,9.7
31,Sharon,27,Designer,5,17.3,34.2,4.3,45.4,15.7
31,Sharon,27,Designer,6,13.4,26.9,3.0,34.2,13.1
31,Sharon,27,Designer,7,10.2,30.7,1.1,38.9,9.6
31,Sharon,27,Designer,8,5.6,27.0,1.9,39.3,8.7
31,Sharon,27,Designer,9,12.8,28.9,1.4,33.6,11.6
31,Sharon,27,Designer,10,3.9,28.2,2.9,33.6,7.4
31,Sharon,27,Designer,11,8.5,32.1,4.3,13.7,12.6
31,Sharon,27,Designer,12,15.1,29.3,4.0,31.7,13.0
32,Richard,32,Freelancer,1,13.5,36.1,2.7,36.9,13.3
32,Richard,32,Freelancer,2,13.4,29.5,3.9,59.1,8.9
32,Richard,32,Freelancer,3,11.7,32.1,2.5,46.5,12.3
32,Richard,32,Freelancer,4,12.6,34.3,2.8,45.6,12.4
32,Richard,32,Freelancer,5,4.1,24.1,2.6,35.4,7.5
32,Richard,32,Freelancer,6,11.7,33.1,2.9,12.1,15.6
32,Richard,32,Freelancer,7,3.9,34.3,3.8,25.7,8.4
32,Richard,32,Freelancer,8,17.1,33.3,3.9,31.9,14.3
32,Richard,32,Freelancer,9,8.1,24.7,2.4,28.1,10.6
32,Richard,32,Freelancer,10,12.3,22.2,3.9,21.6,12.9
32,Richard,32,Freelancer,11,13.5,25.8,3.3,34.0,13.4
32,Richard,32,Freelancer,12,8.5,26.8,3.4,45.0,7.1
33,Alicia,29,Freelancer,1,8.2,27.2,3.3,25.5,10.6
33,Alicia,29,Freelancer,2,15.1,26.6,3.6,32.8,11.8
33,Alicia,29,Freelancer,3,5.8,28.4,1.9,28.6,7.9
33,Alicia,29,Freelancer,4,12.7,23.6,2.8,41.6,8.7
33,Alicia,29,Freelancer,5,7.0,29.4,1.7,56.1,8.3
33,Alicia,29,Freelancer,6,5.7,26.2,3.9,28.9,9.5
33,Alicia,29,Freelancer,7,15.3,37.7,2.3,22.4,18.7
33,Alicia,29,Freelancer,8,12.0,36.5,2.9,32.6,12.9
33,Alicia,29,Freelancer,9,14.3,29.1,2.7,34.5,12.3
33,Alicia,29,Freelancer,10,11.7,28.6,3.6,34.5,11.6
33,Alicia,29,Freelancer,11,11.0,33.9,0.9,35.2,13.3
33,Alicia,29,Freelancer,12,9.1,27.3,4.3,56.8,9.8
34,Donna,39,Designer,1,10.4,28.5,2.4,21.9,12.6
34,Donna,39,Designer,2,7.0,27.7,2.9,28.3,8.4
34,Donna,39,Designer,3,11.5,32.3,3.2,36.5,10.9
34,Donna,39,Designer,4,9.2,30.0,3.5,22.4,11.6
34,Donna,39,Designer,5,10.2,36.1,3.0,54.9,11.8
34,Donna,39,Designer,6,11.5,27.6,2.2,29.4,10.8
34,Donna,39,Designer,7,12.6,33.6,3.0,35.9,11.6
34,Donna,39,Designer,8,7.9,34.0,3.2,31.3,10.0
34,Donna,39,Designer,9,7.8,28.5,2.8,58.0,9.1
34,Donna,39,Designer,10,8.5,32.1,3.5,47.4,9.9
34,Donna,39,Designer,11,9.3,40.9,3.2,35.6,15.1
34,Donna,39,Designer,12,9.1,38.1,0.5,40.5,10.8
35,Jared,40,Designer,1,12.0,23.5,2.1,36.0,10.9
35,Jared,40,Designer,2,14.2,27.5,2.8,39.1,12.7
35,Jared,40,Designer,3,6.7,28.0,3.3,36.2,7.5
35,Jared,40,Designer,4,6.7,34.1,2.9,17.8,10.4
35,Jared,40,Designer,5,6.8,24.2,3.7,23.5,7.5
35,Jared,40,Designer,6,10.1,34.9,3.3,32.6,12.9
35,Jared,40,Designer,7,10.7,30.8,3.4,37.6,13.2
35,Jared,40,Designer,8,10.0,31.0,4.3,22.1,12.1
35,Jared,40,Designer,9,9.1,32.1,2.3,33.4,13.3
35,Jared,40,Designer,10,11.5,33.5,3.6,37.4,13.8
35,Jared,40,Designer,11,6.9,27.6,2.8,20.2,8.9
35,Jared,40,Designer,12,10.9,27.2,3.1,59.4,7.5
36,Hannah,41,Student,1,12.8,30.1,4.0,26.0,15.0
36,Hannah,41,Student,2,8.8,24.4,4.3,25.5,8.8
36,Hannah,41,Student,3,10.8,31.1,2.1,42.1,10.5
36,Hannah,41,Student,4,11.3,32.1,3.1,50.7,10.3
36,Hannah,41,Student,5,10.1,19.1,4.5,39.6,8.7
36,Hannah,41,Student,6,7.9,22.4,2.1,39.1,8.1
36,Hannah,41,Student,7,10.2,35.4,4.9,27.8,14.2
36,Hannah,41,Student,8,8.0,34.6,3.9,46.8,10.5
36,Hannah,41,Student,9,13.6,39.7,3.1,49.6,14.8
36,Hannah,41,Student,10,10.1,24.0,3.1,29.3,8.3
36,Hannah,41,Student,11,15.8,38.8,3.9,33.4,15.4
36,Hannah,41,Student,12,14.1,25.6,3.9,38.4,12.4
37,Derrick,25,Manager,1,10.2,23.2,3.3,24.6,8.5
37,Derrick,25,Manager,2,5.5,29.3,2.6,39.1,7.5
37,Derrick,25,Manager,3,16.5,35.9,4.0,23.4,16.1
37,Derrick,25,Manager,4,9.0,29.9,1.6,43.0,10.9
37,Derrick,25,Manager,5,12.8,24.0,3.5,36.7,11.6
37,Derrick,25,Manager,6,7.7,30.1,3.0,41.2,10.0
37,Derrick,25,Manager,7,11.3,26.9,1.9,13.9,13.0
37,Derrick,25,Manager,8,11.0,36.7,2.5,38.8,13.7
37,Derrick,25,Manager,9,10.9,35.5,1.9,45.5,12.3
37,Derrick,25,Manager,10,7.7,34.1,3.7,36.2,12.1
37,Derrick,25,Manager,11,11.8,32.0,3.1,50.1,12.9
37,Derrick,25,Manager,12,11.4,23.6,3.6,39.7,8.5
38,Samantha,25,Manager,1,8.7,38.1,3.1,48.7,11.5
38,Samantha,25,Manager,2,7.8,24.0,2.7,48.7,7.8
38,Samantha,25,Manager,3,8.2,32.5,1.3,38.5,9.8
38,Samantha,25,Manager,4,12.9,35.2,4.5,36.5,12.9
38,Samantha,25,Manager,5,8.6,29.2,1.1,34.1,10.1
38,Samantha,25,Manager,6,14.3,27.7,2.1,17.5,13.5
38,Samantha,25,Manager,7,11.6,38.9,2.7,41.0,12.0
38,Samantha,25,Manager,8,11.6,25.7,4.3,28.7,9.5
38,Samantha,25,Manager,9,9.8,32.3,3.3,28.0,13.6
38,Samantha,25,Manager,10,13.2,19.5,3.4,35.1,11.2
38,Samantha,25,Manager,11,8.6,36.1,3.6,28.2,14.9
38,Samantha,25,Manager,12,6.8,37.5,2.8,51.5,9.7
39,Emily,45,Designer,1,8.6,25.7,3.0,21.7,9.4
39,Emily,45,Designer,2,11.6,30.2,2.0,39.6,12.9
39,Emily,45,Designer,3,13.2,30.0,3.1,30.8,12.0
39,Emily,45,Designer,4,10.2,29.6,2.9,42.0,8.5
39,Emily,45,Designer,5,12.2,26.3,3.6,25.2,12.5
39,Emily,45,Designer,6,8.1,23.4,5.4,23.0,10.2
39,Emily,45,Designer,7,8.2,21.6,1.3,34.1,6.1
39,Emily,45,Designer,8,11.9,28.9,2.6,38.0,11.2
39,Emily,45,Designer,9,10.4,34.0,3.5,39.1,11.6
39,Emily,45,Designer,10,15.0,28.7,2.7,16.6,15.0
39,Emily,45,Designer,11,13.8,36.9,2.1,28.9,14.0
39,Emily,45,Designer,12,6.8,25.7,3.0,40.6,8.3
40,Ariana,22,Manager,1,5.5,35.4,2.1,42.4,8.0
40,Ariana,22,Manager,2,1.7,24.6,1.9,32.3,6.3
40,Ariana,22,Manager,3,7.6,39.4,3.2,38.7,14.2
40,Ariana,22,Manager,4,13.4,27.2,3.1,45.2,9.5
40,Ariana,22,Manager,5,5.0,33.9,2.3,36.2,9.7
40,Ariana,22,Manager,6,7.1,31.9,3.0,21.2,10.9
40,Ariana,22,Manager,7,10.7,28.0,2.6,34.3,9.8
40,Ariana,22,Manager,8,8.7,34.2,3.9,39.3,10.5
40,Ariana,22,Manager,9,11.6,27.2,2.0,35.4,12.5
40,Ariana,22,Manager,10,7.4,23.8,2.3,43.7,8.8
40,Ariana,22,Manager,11,9.8,30.1,3.8,40.3,10.3
40,Ariana,22,Manager,12,8.8,32.3,2.9,30.0,10.0
41,Eric,39,Manager,1,8.8,34.2,3.8,22.5,14.2
41,Eric,39,Manager,2,8.5,28.0,3.2,36.2,11.4
41,Eric,39,Manager,3,4.9,29.4,4.0,27.6,7.3
41,Eric,39,Manager,4,15.0,27.7,2.4,31.4,13.0
41,Eric,39,Manager,5,9.3,26.6,3.7,49.0,8.5
41,Eric,39,Manager,6,9.0,31.0,1.5,51.3,10.8
41,Eric,39,Manager,7,9.7,32.6,2.6,38.1,11.4
41,Eric,39,Manager,8,16.6,37.4,0.8,40.2,16.7
41,Eric,39,Manager,9,9.5,27.2,3.2,31.1,9.1
41,Eric,39,Manager,10,11.8,25.3,2.7,10.0,12.4
41,Eric,39,Manager,11,8.3,35.9,2.6,34.7,10.5
41,Eric,39,Manager,12,14.3,36.5,2.4,26.8,15.7
42,Cheryl,42,Student,1,11.7,29.5,2.6,12.6,15.1
42,Cheryl,42,Student,2,13.3,22.1,3.0,31.5,11.9
42,Cheryl,42,Student,3,9.8,17.5,3.7,30.9,7.9
42,Cheryl,42,Student,4,16.9,34.4,2.4,38.4,16.3
42,Cheryl,42,Student,5,12.3,28.3,2.9,34.7,11.2
42,Cheryl,42,Student,6,12.6,29.0,3.6,35.6,10.4
42,Cheryl,42,Student,7,7.0,26.6,3.5,36.1,7.4
42,Cheryl,42,Student,8,6.3,32.0,3.9,29.6,11.0
42,Cheryl,42,Student,9,6.7,30.1,2.9,44.5,9.7
42,Cheryl,42,Student,10,10.3,31.0,4.4,44.9,8.9
42,Cheryl,42,Student,11,7.3,29.4,4.0,43.1,9.7
42,Cheryl,42,Student,12,8.1,34.9,1.8,42.4,11.4
43,Benjamin,22,Designer,1,13.0,38.2,2.1,38.4,16.1
43,Benjamin,22,Designer,2,14.6,33.0,3.8,17.7,14.8
43,Benjamin,22,Designer,3,12.2,30.1,4.9,26.5,13.6
43,Benjamin,22,Designer,4,9.3,28.9,1.6,25.4,11.0
43,Benjamin,22,Designer,5,11.1,22.6,2.5,34.4,7.9
43,Benjamin,22,Designer,6,15.7,25.7,4.1,40.1,14.2
43,Benjamin,22,Designer,7,5.9,35.3,2.4,30.7,10.7
43,Benjamin,22,Designer,8,9.1,29.4,2.8,38.9,9.4
43,Benjamin,22,Designer,9,6.4,28.5,2.5,30.6,8.3
43,Benjamin,22,Designer,10,14.7,39.7,3.6,21.2,18.8
43,Benjamin,22,Designer,11,9.4,24.5,3.9,40.7,7.7
43,Benjamin,22,Designer,12,12.6,35.4,0.7,16.1,14.8
44,Carolyn,30,Freelancer,1,10.5,21.7,2.4,10.0,12.9
44,Carolyn,30,Freelancer,2,12.0,15.8,3.8,43.5,6.0
44,Carolyn,30,Freelancer,3,16.3,32.6,4.1,15.4,18.7
44,Carolyn,30,Freelancer,4,9.1,29.7,3.6,44.6,9.3
44,Carolyn,30,Freelancer,5,4.6,26.4,1.1,35.9,5.5
44,Carolyn,30,Freelancer,6,11.2,33.2,4.1,49.3,11.0
44,Carolyn,30,Freelancer,7,5.5,24.7,3.3,30.1,7.5
44,Carolyn,30,Freelancer,8,9.6,35.4,1.8,22.6,14.4
44,Carolyn,30,Freelancer,9,11.9,38.4,5.0,50.1,13.6
44,Carolyn,30,Freelancer,10,7.1,25.8,2.8,39.2,9.0
44,Carolyn,30,Freelancer,11,8.3,40.8,3.4,33.6,12.7
44,Carolyn,30,Freelancer,12,12.6,29.8,4.2,28.0,14.2
45,Michael,18,Student,1,9.7,24.4,3.9,12.1,10.4
45,Michael,18,Student,2,16.8,27.6,2.4,37.5,13.0
45,Michael,18,Student,3,6.8,31.9,0.8,45.7,10.3
45,Michael,18,Student,4,4.8,23.7,3.1,11.6,7.7
45,Michael,18,Student,5,15.4,33.3,3.8,27.6,14.5
45,Michael,18,Student,6,15.1,19.4,3.7,23.7,10.1
45,Michael,18,Student,7,7.9,35.5,3.2,44.6,12.4
45,Michael,18,Student,8,8.4,28.8,1.9,22.0,11.7
45,Michael,18,Student,9,12.6,25.6,2.8,10.0,11.9
45,Michael,18,Student,10,9.9,27.4,3.5,27.0,11.5
45,Michael,18,Student,11,11.7,36.3,4.4,31.6,12.7
45,Michael,18,Student,12,13.9,36.0,4.7,35.1,14.7
46,Edward,22,Freelancer,1,8.0,27.7,3.9,14.1,12.5
46,Edward,22,Freelancer,2,7.7,29.8,2.7,32.4,9.7
46,Edward,22,Freelancer,3,11.9,35.7,4.9,35.8,13.3
46,Edward,22,Freelancer,4,11.1,30.8,2.6,19.3,12.7
46,Edward,22,Freelancer,5,4.3,24.3,2.8,23.1,6.9
46,Edward,22,Freelancer,6,16.4,44.0,2.1,35.8,17.2
46,Edward,22,Freelancer,7,12.0,28.9,1.7,40.3,11.4
46,Edward,22,Freelancer,8,7.8,36.3,5.0,31.2,14.6
46,Edward,22,Freelancer,9,10.4,31.8,4.1,46.5,12.5
46,Edward,22,Freelancer,10,13.0,37.1,3.2,56.4,11.7
46,Edward,22,Freelancer,11,14.2,23.5,2.5,41.6,8.7
46,Edward,22,Freelancer,12,12.9,30.7,2.7,25.3,14.5
47,Ryan,35,Designer,1,11.5,28.8,4.0,36.7,11.4
47,Ryan,35,Designer,2,10.0,27.2,4.0,26.9,9.3
47,Ryan,35,Designer,3,12.6,31.0,4.9,36.2,13.0
47,Ryan,35,Designer,4,8.9,33.6,3.8,40.5,11.0
47,Ryan,35,Designer,5,11.5,32.9,2.0,35.8,11.9
47,Ryan,35,Designer,6,14.5,28.2,4.7,39.8,12.9
47,Ryan,35,Designer,7,13.1,23.8,3.5,30.3,9.7
47,Ryan,35,Designer,8,11.2,31.0,2.8,41.4,13.0
47,Ryan,35,Designer,9,3.8,39.1,1.2,44.2,9.4
47,Ryan,35,Designer,10,9.6,32.1,3.2,32.5,11.0
47,Ryan,35,Designer,11,9.9,31.5,4.2,10.0,14.9
47,Ryan,35,Designer,12,11.5,30.4,2.9,37.7,13.6
48,Erin,22,Freelancer,1,10.0,38.3,3.6,41.7,12.2
48,Erin,22,Freelancer,2,8.6,29.2,3.7,34.7,11.6
48,Erin,22,Freelancer,3,7.4,39.8,4.2,49.6,11.0
48,Erin,22,Freelancer,4,5.7,30.1,3.4,28.7,11.1
48,Erin,22,Freelancer,5,10.5,25.4,2.9,28.4,10.7
48,Erin,22,Freelancer,6,11.9,36.7,1.9,25.8,14.8
48,Erin,22,Freelancer,7,3.1,25.1,2.0,34.6,7.6
48,Erin,22,Freelancer,8,8.7,22.9,4.0,33.7,8.3
48,Erin,22,Freelancer,9,11.7,31.2,3.1,45.7,9.7
48,Erin,22,Freelancer,10,8.9,32.5,3.7,34.4,10.4
48,Erin,22,Freelancer,11,8.3,37.8,4.3,25.8,12.9
48,Erin,22,Freelancer,12,8.1,29.3,3.1,23.9,9.1
49,Gregory,36,Designer,1,10.1,31.2,3.8,49.9,10.0
49,Gregory,36,Designer,2,11.5,29.2,3.8,26.1,12.9
49,Gregory,36,Designer,3,6.0,21.8,2.7,46.6,4.4
49,Gregory,36,Designer,4,9.7,27.0,3.0,50.0,10.2
49,Gregory,36,Designer,5,11.2,23.7,2.6,40.2,8.5
49,Gregory,36,Designer,6,7.6,27.3,2.6,42.8,9.3
49,Gregory,36,Designer,7,9.1,31.6,3.0,22.8,10.6
49,Gregory,36,Designer,8,9.8,33.4,1.7,42.0,9.1
49,Gregory,36,Designer,9,11.7,35.5,2.9,40.6,14.8
49,Gregory,36,Designer,10,8.6,32.4,3.4,31.9,12.1
49,Gregory,36,Designer,11,10.1,33.9,2.5,31.8,13.2
49,Gregory,36,Designer,12,5.7,31.0,4.1,15.9,13.3
50,Aaron,38,Engineer,1,14.4,28.5,4.5,33.1,14.3
50,Aaron,38,Engineer,2,10.0,25.1,3.1,38.4,9.8
50,Aaron,38,Engineer,3,5.4,32.1,4.4,35.9,10.1
50,Aaron,38,Engineer,4,10.7,30.4,3.9,58.9,10.0
50,Aaron,38,Engineer,5,12.7,35.1,3.3,34.2,14.7
50,Aaron,38,Engineer,6,17.7,29.5,3.3,30.7,13.6
50,Aaron,38,Engineer,7,6.2,31.8,3.5,18.7,12.5
50,Aaron,38,Engineer,8,7.7,31.3,2.0,38.9,9.8
50,Aaron,38,Engineer,9,7.7,24.6,2.2,39.5,8.5
50,Aaron,38,Engineer,10,7.3,35.2,2.3,33.0,12.0
50,Aaron,38,Engineer,11,9.4,27.8,4.3,49.2,7.5
50,Aaron,38,Engineer,12,11.8,28.8,2.2,30.3,13.0
51,Martha,30,Manager,1,10.3,32.3,3.3,42.9,12.3
51,Martha,30,Manager,2,12.0,37.2,2.5,58.4,13.1
51,Martha,30,Manager,3,17.6,29.5,2.5,38.8,12.5
51,Martha,30,Manager,4,12.9,28.9,1.3,39.4,12.5
51,Martha,30,Manager,5,9.5,37.7,3.6,53.4,12.4
51,Martha,30,Manager,6,7.2,27.5,0.8,42.1,5.9
51,Martha,30,Manager,7,6.2,25.1,1.8,39.3,5.8
51,Martha,30,Manager,8,15.3,26.8,3.8,19.6,12.7
51,Martha,30,Manager,9,10.0,35.4,3.2,30.9,11.8
51,Martha,30,Manager,10,7.9,25.4,2.7,39.0,10.0
51,Martha,30,Manager,11,12.7,25.3,2.8,30.7,11.4
51,Martha,30,Manager,12,10.2,31.4,3.9,24.3,14.6
52,Reginald,26,Manager,1,13.3,41.3,4.8,45.2,16.0
52,Reginald,26,Manager,2,8.9,27.3,2.1,42.9,8.7
52,Reginald,26,Manager,3,8.6,30.4,4.8,35.3,12.6
52,Reginald,26,Manager,4,6.6,37.4,2.9,28.7,11.6
52,Reginald,26,Manager,5,6.7,24.2,3.3,28.1,7.6
52,Reginald,26,Manager,6,9.5,36.7,4.5,38.5,13.0
52,Reginald,26,Manager,7,7.6,23.3,1.3,45.7,4.7
52,Reginald,26,Manager,8,9.3,28.7,1.2,34.6,9.4
52,Reginald,26,Manager,9,13.7,30.8,2.4,27.6,13.3
52,Reginald,26,Manager,10,5.8,28.5,3.0,33.0,10.7
52,Reginald,26,Manager,11,9.6,30.6,2.4,20.2,10.7
52,Reginald,26,Manager,12,7.4,39.8,2.9,34.6,13.1
53,Luis,31,Designer,1,13.3,42.6,3.6,29.6,18.4
53,Luis,31,Designer,2,8.0,28.6,3.3,39.5,8.6
53,Luis,31,Designer,3,11.7,27.9,2.7,48.5,11.8
53,Luis,31,Designer,4,7.1,29.5,1.2,43.6,10.3
53,Luis,31,Designer,5,10.3,19.4,4.7,42.1,6.5
53,Luis,31,Designer,6,8.2,36.2,3.5,40.5,10.2
53,Luis,31,Designer,7,11.0,31.6,3.9,45.9,10.9
53,Luis,31,Designer,8,10.5,31.6,4.0,18.8,12.0
53,Luis,31,Designer,9,8.7,41.4,2.5,33.0,13.3
53,Luis,31,Designer,10,8.6,29.2,2.1,28.8,9.0
53,Luis,31,Designer,11,10.8,25.4,3.5,41.4,10.0
53,Luis,31,Designer,12,5.2,32.7,1.6,59.8,4.8
54,Nicole,31,Manager,1,14.0,29.4,4.3,29.4,11.8
54,Nicole,31,Manager,2,8.1,32.4,4.0,31.7,12.2
54,Nicole,31,Manager,3,13.9,38.7,3.7,59.1,11.7
54,Nicole,31,Manager,4,10.8,30.2,2.3,30.3,10.4
54,Nicole,31,Manager,5,11.7,34.5,2.1,47.0,12.0
54,Nicole,31,Manager,6,6.6,29.7,4.7,19.8,11.3
54,Nicole,31,Manager,7,9.8,31.6,4.8,36.6,10.1
54,Nicole,31,Manager,8,8.9,37.4,0.8,35.2,13.1
54,Nicole,31,Manager,9,9.8,29.7,0.6,33.4,12.5
54,Nicole,31,Manager,10,11.8,28.5,3.3,46.4,10.2
54,Nicole,31,Manager,11,5.8,24.8,4.7,29.0,8.8
54,Nicole,31,Manager,12,10.3,27.5,2.3,43.4,7.8
55,James,19,Designer,1,11.8,38.1,3.2,39.7,16.0
55,James,19,Designer,2,9.4,22.8,3.3,40.1,8.7
55,James,19,Designer,3,12.5,25.9,2.7,27.6,11.0
55,James,19,Designer,4,8.1,35.6,5.3,19.8,15.5
55,James,19,Designer,5,13.0,21.1,3.5,29.1,12.2
55,James,19,Designer,6,7.4,31.7,4.3,22.4,12.4
55,James,19,Designer,7,8.6,17.1,3.0,26.4,7.6
55,James,19,Designer,8,11.5,25.8,1.2,41.0,10.1
55,James,19,Designer,9,13.1,29.3,1.4,35.3,11.4
55,James,19,Designer,10,11.5,25.8,3.8,40.8,9.6
55,James,19,Designer,11,12.0,26.5,2.4,25.6,11.8
55,James,19,Designer,12,9.3,26.7,3.0,34.0,11.0
56,Jennifer,24,Engineer,1,7.3,26.9,4.3,41.8,7.6
56,Jennifer,24,Engineer,2,5.1,30.6,2.2,42.2,8.4
56,Jennifer,24,Engineer,3,8.0,25.0,4.3,28.6,8.9
56,Jennifer,24,Engineer,4,5.8,32.7,2.6,40.3,10.0
56,Jennifer,24,Engineer,5,7.3,31.8,3.5,13.1,13.1
56,Jennifer,24,Engineer,6,6.3,30.1,2.6,52.3,6.3
56,Jennifer,24,Engineer,7,10.1,25.6,3.2,48.0,10.4
56,Jennifer,24,Engineer,8,9.8,31.1,3.1,29.9,12.5
56,Jennifer,24,Engineer,9,11.3,33.5,3.8,48.0,13.1
56,Jennifer,24,Engineer,10,7.0,29.5,1.8,19.4,9.0
56,Jennifer,24,Engineer,11,10.0,24.8,4.0,26.3,9.0
56,Jennifer,24,Engineer,12,8.2,21.0,3.4,21.1,8.7
57,James,35,Designer,1,6.3,32.9,2.7,22.0,9.8
57,James,35,Designer,2,9.0,27.9,3.6,31.6,10.8
57,James,35,Designer,3,12.5,31.4,2.3,36.8,11.8
57,James,35,Designer,4,8.9,31.9,2.0,35.0,10.2
57,James,35,Designer,5,13.4,21.9,2.5,40.2,8.8
57,James,35,Designer,6,13.7,30.6,4.0,40.3,12.1
57,James,35,Designer,7,6.9,18.6,1.5,45.3,4.7
57,James,35,Designer,8,7.1,33.7,2.3,25.0,12.4
57,James,35,Designer,9,13.8,38.0,2.4,26.1,14.7
57,James,35,Designer,10,10.7,26.0,2.1,29.0,11.2
57,James,35,Designer,11,14.7,29.3,5.2,35.8,14.6
57,James,35,Designer,12,10.1,29.8,4.8,21.7,14.4
58,Tiffany,39,Designer,1,2.5,32.7,1.8,33.9,8.3
58,Tiffany,39,Designer,2,11.4,36.6,0.7,28.7,12.3
58,Tiffany,39,Designer,3,10.1,30.8,4.1,42.3,9.2
58,Tiffany,39,Designer,4,7.7,30.0,1.2,26.9,11.3
58,Tiffany,39,Designer,5,9.8,28.9,1.5,34.1,11.2
58,Tiffany,39,Designer,6,10.9,30.4,5.8,32.1,14.1
58,Tiffany,39,Designer,7,6.1,30.2,2.1,33.4,7.7
58,Tiffany,39,Designer,8,7.0,30.6,2.2,30.5,11.2
58,Tiffany,39,Designer,9,13.3,19.3,3.2,49.7,6.7
58,Tiffany,39,Designer,10,14.0,33.6,1.0,43.4,13.2
58,Tiffany,39,Designer,11,9.2,25.8,2.3,26.2,8.4
58,Tiffany,39,Designer,12,11.2,26.4,2.3,39.1,10.4
59,Shelley,41,Manager,1,12.4,28.7,2.8,36.9,13.5
59,Shelley,41,Manager,2,13.1,31.5,1.5,47.2,13.4
59,Shelley,41,Manager,3,12.4,34.3,3.6,39.6,14.9
59,Shelley,41,Manager,4,10.6,19.7,3.5,47.7,8.0
59,Shelley,41,Manager,5,8.2,31.6,2.0,37.9,11.8
59,Shelley,41,Manager,6,10.2,26.0,2.4,27.6,10.9
59,Shelley,41,Manager,7,13.3,17.1,3.3,33.0,10.8
59,Shelley,41,Manager,8,12.3,30.4,1.6,30.1,12.5
59,Shelley,41,Manager,9,5.9,25.9,3.9,25.8,9.2
59,Shelley,41,Manager,10,17.2,31.5,2.9,33.9,13.9
59,Shelley,41,Manager,11,11.3,29.7,4.9,35.8,10.0
59,Shelley,41,Manager,12,6.9,30.7,2.9,33.7,11.8
60,Stacy,22,Engineer,1,6.5,32.1,3.6,35.2,10.7
60,Stacy,22,Engineer,2,8.9,35.3,3.3,42.6,12.2
60,Stacy,22,Engineer,3,13.5,32.1,1.9,24.7,14.8
60,Stacy,22,Engineer,4,8.5,23.9,1.3,51.8,4.5
60,Stacy,22,Engineer,5,12.1,30.8,2.7,31.7,14.2
60,Stacy,22,Engineer,6,9.8,36.1,2.8,23.1,12.2
60,Stacy,22,Engineer,7,6.5,33.4,2.3,33.0,10.7
60,Stacy,22,Engineer,8,5.8,35.5,1.0,27.4,9.2
60,Stacy,22,Engineer,9,6.6,28.8,2.8,46.8,5.8
60,Stacy,22,Engineer,10,3.6,33.2,3.9,36.0,9.0
60,Stacy,22,Engineer,11,15.6,31.1,3.1,55.9,11.5
60,Stacy,22,Engineer,12,9.8,35.2,4.6,37.8,13.5
61,Jason,33,Engineer,1,8.1,37.3,4.4,30.8,12.9
61,Jason,33,Engineer,2,16.5,26.8,2.4,46.5,10.9
61,Jason,33,Engineer,3,14.7,30.5,2.9,36.6,13.2
61,Jason,33,Engineer,4,9.0,30.4,2.1,33.6,10.3
61,Jason,33,Engineer,5,4.6,19.6,3.3,30.4,7.4
61,Jason,33,Engineer,6,11.5,33.3,2.8,31.1,13.3
61,Jason,33,Engineer,7,11.0,29.9,4.4,38.4,12.5
61,Jason,33,Engineer,8,6.0,30.7,3.2,59.8,5.6
61,Jason,33,Engineer,9,17.0,26.4,0.1,24.5,14.9
61,Jason,33,Engineer,10,13.4,29.2,2.0,37.1,11.8
61,Jason,33,Engineer,11,11.3,23.2,4.2,36.7,8.5
61,Jason,33,Engineer,12,10.1,37.4,3.3,51.2,11.7
62,Tami,42,Designer,1,10.6,32.5,2.9,32.5,14.3
62,Tami,42,Designer,2,15.4,27.5,3.4,42.9,14.1
62,Tami,42,Designer,3,5.5,45.0,3.0,46.4,13.1
62,Tami,42,Designer,4,6.7,26.4,2.7,40.0,6.3
62,Tami,42,Designer,5,9.3,23.9,3.4,42.6,6.6
62,Tami,42,Designer,6,10.2,30.5,3.4,34.5,10.8
62,Tami,42,Designer,7,10.2,39.7,4.2,50.4,11.7
62,Tami,42,Designer,8,9.1,25.6,2.9,44.5,9.7
62,Tami,42,Designer,9,8.8,23.1,2.4,56.7,6.7
62,Tami,42,Designer,10,9.7,35.6,4.0,26.4,13.8
62,Tami,42,Designer,11,10.0,36.5,2.7,54.3,11.1
62,Tami,42,Designer,12,10.6,33.9,2.4,44.2,13.4
63,Kelly,37,Manager,1,4.3,25.0,3.2,45.3,3.9
63,Kelly,37,Manager,2,11.8,24.0,2.9,43.0,7.5
63,Kelly,37,Manager,3,5.8,35.2,5.2,33.6,10.5
63,Kelly,37,Manager,4,7.0,27.1,3.1,34.6,10.4
63,Kelly,37,Manager,5,14.3,31.7,2.1,37.7,11.7
63,Kelly,37,Manager,6,12.1,35.7,1.5,37.3,14.1
63,Kelly,37,Manager,7,14.2,29.8,3.0,31.1,14.7
63,Kelly,37,Manager,8,14.0,27.3,4.3,14.0,13.5
63,Kelly,37,Manager,9,8.6,28.4,1.3,30.9,10.5
63,Kelly,37,Manager,10,5.3,32.5,3.8,26.3,9.0
63,Kelly,37,Manager,11,8.7,34.8,2.1,25.2,12.0
63,Kelly,37,Manager,12,15.6,39.3,2.7,31.8,18.0
64,Joshua,42,Engineer,1,9.7,28.2,3.5,24.1,12.6
64,Joshua,42,Engineer,2,8.4,24.3,3.7,30.4,7.4
64,Joshua,42,Engineer,3,8.2,20.9,5.4,45.9,7.9
64,Joshua,42,Engineer,4,9.8,27.6,5.0,35.4,9.8
64,Joshua,42,Engineer,5,4.0,21.6,2.1,37.9,6.5
64,Joshua,42,Engineer,6,9.9,24.9,2.7,44.7,8.3
64,Joshua,42,Engineer,7,15.8,29.2,4.2,56.2,11.1
64,Joshua,42,Engineer,8,5.4,21.5,4.4,29.6,7.0
64,Joshua,42,Engineer,9,6.9,33.6,2.7,28.2,11.5
64,Joshua,42,Engineer,10,9.8,29.1,2.9,44.3,11.8
64,Joshua,42,Engineer,11,15.6,34.3,1.8,46.1,15.1
64,Joshua,42,Engineer,12,7.5,37.7,2.0,42.1,12.1
65,Wendy,21,Engineer,1,10.1,29.9,1.1,27.5,11.9
65,Wendy,21,Engineer,2,13.1,30.3,3.2,24.2,12.7
65,Wendy,21,Engineer,3,8.0,33.8,3.9,34.7,12.3
65,Wendy,21,Engineer,4,9.2,31.9,2.8,26.3,10.4
65,Wendy,21,Engineer,5,10.4,28.7,1.0,42.0,10.2
65,Wendy,21,Engineer,6,14.3,25.8,1.5,38.4,12.3
65,Wendy,21,Engineer,7,10.8,34.8,1.6,35.8,11.4
65,Wendy,21,Engineer,8,15.0,27.5,1.7,56.3,11.2
65,Wendy,21,Engineer,9,10.3,26.2,4.6,36.3,9.8
65,Wendy,21,Engineer,10,12.7,29.8,1.8,41.8,11.7
65,Wendy,21,Engineer,11,6.8,33.2,3.2,24.1,10.8
65,Wendy,21,Engineer,12,9.1,30.4,3.0,52.0,8.5
66,Ronald,28,Student,1,10.9,22.1,2.4,31.2,9.5
66,Ronald,28,Student,2,8.9,28.7,3.6,47.8,7.4
66,Ronald,28,Student,3,11.3,35.8,2.8,36.4,14.9
66,Ronald,28,Student,4,9.9,28.6,2.6,50.1,9.1
66,Ronald,28,Student,5,4.1,25.0,2.4,31.4,7.5
66,Ronald,28,Student,6,6.0,32.8,3.6,51.3,9.1
66,Ronald,28,Student,7,12.9,40.2,2.9,32.5,14.7
66,Ronald,28,Student,8,8.5,22.0,3.2,33.9,6.9
66,Ronald,28,Student,9,10.5,24.2,3.7,43.1,7.5
66,Ronald,28,Student,10,11.9,30.2,2.7,42.6,12.7
66,Ronald,28,Student,11,12.6,25.4,2.4,33.7,9.2
66,Ronald,28,Student,12,8.6,37.7,4.3,42.1,11.8
67,Nicole,39,Engineer,1,11.0,41.3,3.3,24.4,15.0
67,Nicole,39,Engineer,2,14.0,26.5,5.4,31.7,14.7
67,Nicole,39,Engineer,3,8.4,45.3,3.2,31.3,13.4
67,Nicole,39,Engineer,4,11.9,30.8,2.3,23.0,14.1
67,Nicole,39,Engineer,5,11.8,33.7,3.7,31.0,14.8
67,Nicole,39,Engineer,6,9.7,35.5,1.7,34.7,13.8
67,Nicole,39,Engineer,7,7.8,29.5,2.0,40.1,9.7
67,Nicole,39,Engineer,8,5.4,27.5,3.3,35.9,9.4
67,Nicole,39,Engineer,9,8.0,32.3,2.1,44.5,8.5
67,Nicole,39,Engineer,10,12.4,35.9,2.4,37.7,15.0
67,Nicole,39,Engineer,11,8.2,23.5,2.4,21.0,8.3
67,Nicole,39,Engineer,12,8.9,34.6,5.1,25.9,13.9
68,Troy,42,Student,1,11.5,35.6,3.1,48.1,11.1
68,Troy,42,Student,2,13.2,40.7,1.9,35.8,14.2
68,Troy,42,Student,3,10.3,25.0,2.8,42.3,9.5
68,Troy,42,Student,4,10.0,35.0,4.3,46.4,12.1
68,Troy,42,Student,5,11.7,31.2,2.4,21.7,13.9
68,Troy,42,Student,6,6.6,34.6,2.5,33.8,10.7
68,Troy,42,Student,7,10.3,20.6,3.0,45.3,6.2
68,Troy,42,Student,8,10.5,32.0,3.3,35.3,12.5
68,Troy,42,Student,9,8.1,42.3,3.7,36.4,13.2
68,Troy,42,Student,10,6.8,31.9,3.4,13.6,13.5
68,Troy,42,Student,11,12.7,34.2,4.3,31.8,12.6
68,Troy,42,Student,12,7.8,26.9,1.7,27.1,7.7
69,Derrick,23,Student,1,13.6,27.1,3.4,51.3,9.1
69,Derrick,23,Student,2,9.6,31.6,2.4,39.1,11.6
69,Derrick,23,Student,3,10.9,29.7,4.4,30.3,11.1
69,Derrick,23,Student,4,14.2,26.8,0.7,38.4,11.8
69,Derrick,23,Student,5,10.5,30.1,0.4,38.4,10.6
69,Derrick,23,Student,6,11.6,12.6,2.1,33.5,8.6
69,Derrick,23,Student,7,8.2,31.0,1.3,37.3,11.3
69,Derrick,23,Student,8,14.3,24.6,4.0,39.4,10.8
69,Derrick,23,Student,9,7.6,28.6,3.8,27.6,11.1
69,Derrick,23,Student,10,11.7,31.3,2.3,40.0,11.2
69,Derrick,23,Student,11,11.1,31.1,2.0,32.7,10.2
69,Derrick,23,Student,12,12.3,33.3,2.6,36.0,12.4
70,Robert,26,Freelancer,1,6.2,28.8,1.2,47.9,9.0
70,Robert,26,Freelancer,2,14.0,29.0,2.4,30.5,14.4
70,Robert,26,Freelancer,3,7.0,35.2,2.0,26.2,10.7
70,Robert,26,Freelancer,4,9.3,33.6,1.8,27.3,11.4
70,Robert,26,Freelancer,5,10.4,29.7,2.8,57.5,8.2
70,Robert,26,Freelancer,6,12.5,32.8,3.0,36.5,13.5
70,Robert,26,Freelancer,7,8.4,38.3,3.0,40.4,11.1
70,Robert,26,Freelancer,8,15.4,32.0,3.1,43.9,14.6
70,Robert,26,Freelancer,9,12.5,27.5,2.6,35.6,9.9
70,Robert,26,Freelancer,10,7.1,22.9,2.6,31.2,7.7
70,Robert,26,Freelancer,11,13.6,33.2,2.0,29.9,15.4
70,Robert,26,Freelancer,12,8.1,34.1,3.4,49.6,9.1
71,Shirley,23,Manager,1,10.8,30.8,1.5,36.1,10.4
71,Shirley,23,Manager,2,9.9,26.0,2.6,16.9,10.6
71,Shirley,23,Manager,3,4.7,34.7,2.8,21.7,10.0
71,Shirley,23,Manager,4,9.0,35.3,4.1,40.8,11.9
71,Shirley,23,Manager,5,14.3,39.7,2.3,34.6,17.5
71,Shirley,23,Manager,6,14.4,30.1,3.6,34.5,11.6
71,Shirley,23,Manager,7,9.7,32.2,2.3,28.0,12.3
71,Shirley,23,Manager,8,11.0,32.2,2.1,35.3,13.8
71,Shirley,23,Manager,9,9.6,38.8,2.4,37.1,13.0
71,Shirley,23,Manager,10,2.7,32.5,0.8,39.5,8.8
71,Shirley,23,Manager,11,9.5,28.4,3.4,36.2,8.8
71,Shirley,23,Manager,12,8.3,26.9,1.7,34.3,9.9
72,Dylan,27,Designer,1,10.4,32.0,2.6,22.2,13.8
72,Dylan,27,Designer,2,0.3,35.3,3.2,29.3,8.4
72,Dylan,27,Designer,3,4.8,33.3,3.5,41.6,9.1
72,Dylan,27,Designer,4,6.6,27.8,4.2,31.6,11.1
72,Dylan,27,Designer,5,7.2,27.3,3.3,35.0,8.1
72,Dylan,27,Designer,6,13.9,31.7,1.7,21.0,16.4
72,Dylan,27,Designer,7,5.2,26.7,1.0,31.5,5.7
72,Dylan,27,Designer,8,14.4,27.9,2.1,40.6,11.0
72,Dylan,27,Designer,9,8.5,22.4,3.0,36.7,7.1
72,Dylan,27,Designer,10,5.1,23.0,2.6,36.7,7.6
72,Dylan,27,Designer,11,9.9,34.7,1.3,50.3,11.3
72,Dylan,27,Designer,12,5.9,30.2,3.3,25.5,9.5
73,Alicia,25,Freelancer,1,6.7,38.5,4.1,27.6,11.3
73,Alicia,25,Freelancer,2,11.9,26.9,2.2,13.8,11.8
73,Alicia,25,Freelancer,3,11.4,34.0,2.5,25.4,13.8
73,Alicia,25,Freelancer,4,9.4,31.7,2.9,28.2,11.5
73,Alicia,25,Freelancer,5,10.3,31.2,3.1,24.2,12.6
73,Alicia,25,Freelancer,6,7.7,22.1,2.2,43.2,6.8
73,Alicia,25,Freelancer,7,8.8,32.9,3.7,18.9,14.5
73,Alicia,25,Freelancer,8,8.2,17.3,2.6,28.3,8.7
73,Alicia,25,Freelancer,9,13.9,31.3,1.9,34.9,11.6
73,Alicia,25,Freelancer,10,12.6,38.6,3.2,26.5,16.8
73,Alicia,25,Freelancer,11,8.9,34.8,2.9,35.8,13.3
73,Alicia,25,Freelancer,12,9.1,23.6,4.2,52.4,8.1
74,Glenn,18,Freelancer,1,8.3,33.1,3.9,51.7,11.7
74,Glenn,18,Freelancer,2,11.9,26.9,2.3,40.3,10.6
74,Glenn,18,Freelancer,3,7.0,25.6,3.0,22.3,10.1
74,Glenn,18,Freelancer,4,9.3,24.8,2.0,36.5,7.6
74,Glenn,18,Freelancer,5,7.7,28.4,3.6,34.9,8.9
74,Glenn,18,Freelancer,6,8.7,25.2,2.2,29.8,8.9
74,Glenn,18,Freelancer,7,7.8,18.5,3.0,33.2,6.6
74,Glenn,18,Freelancer,8,8.3,39.2,4.7,25.8,12.4
74,Glenn,18,Freelancer,9,6.5,32.1,4.4,37.5,10.2
74,Glenn,18,Freelancer,10,12.7,38.6,3.7,49.1,14.4
74,Glenn,18,Freelancer,11,13.0,22.6,3.6,28.6,12.0
74,Glenn,18,Freelancer,12,19.6,28.5,1.9,24.7,14.4
75,Jesse,22,Engineer,1,11.0,23.6,4.5,38.5,11.2
75,Jesse,22,Engineer,2,6.5,22.1,1.9,45.4,4.3
75,Jesse,22,Engineer,3,8.1,22.2,3.7,38.8,6.3
75,Jesse,22,Engineer,4,8.5,41.8,3.3,31.2,15.6
75,Jesse,22,Engineer,5,8.6,28.6,2.1,31.9,11.9
75,Jesse,22,Engineer,6,4.6,37.2,3.8,33.0,9.8
75,Jesse,22,Engineer,7,8.8,27.4,1.9,49.2,7.3
75,Jesse,22,Engineer,8,9.5,24.1,4.3,38.6,8.8
75,Jesse,22,Engineer,9,10.4,30.8,3.5,19.5,11.3
75,Jesse,22,Engineer,10,11.8,21.9,2.6,28.3,11.1
75,Jesse,22,Engineer,11,14.2,32.3,4.7,29.0,14.5
75,Jesse,22,Engineer,12,10.6,34.7,2.5,22.6,12.0
76,Christopher,23,Student,1,3.7,28.8,3.2,16.3,10.8
76,Christopher,23,Student,2,14.4,30.1,1.4,34.4,14.9
76,Christopher,23,Student,3,14.6,41.1,2.4,48.2,14.9
76,Christopher,23,Student,4,13.7,35.2,5.5,26.4,14.8
76,Christopher,23,Student,5,9.2,33.4,3.5,40.4,12.9
76,Christopher,23,Student,6,7.2,37.3,2.3,23.5,14.2
76,Christopher,23,Student,7,5.7,29.0,2.3,40.4,7.6
76,Christopher,23,Student,8,10.4,26.6,4.8,42.1,9.6
76,Christopher,23,Student,9,7.9,26.6,3.9,28.7,9.0
76,Christopher,23,Student,10,7.7,18.8,3.0,22.3,9.1
76,Christopher,23,Student,11,8.5,25.2,2.3,25.1,10.3
76,Christopher,23,Student,12,13.6,42.1,4.8,29.7,18.7
77,Christopher,43,Designer,1,8.8,30.9,3.4,39.9,9.2
77,Christopher,43,Designer,2,5.7,29.0,2.1,35.3,10.3
77,Christopher,43,Designer,3,9.5,36.4,2.9,43.9,10.5
77,Christopher,43,Designer,4,10.8,37.0,2.5,36.4,15.1
77,Christopher,43,Designer,5,9.2,29.3,4.7,45.4,8.3
77,Christopher,43,Designer,6,8.6,26.8,2.0,10.0,10.4
77,Christopher,43,Designer,7,7.9,31.4,2.8,26.1,10.4
77,Christopher,43,Designer,8,10.7,32.6,2.8,36.0,12.1
77,Christopher,43,Designer,9,9.9,31.2,4.2,33.7,12.7
77,Christopher,43,Designer,10,7.4,27.8,2.2,33.6,7.9
77,Christopher,43,Designer,11,11.4,27.3,4.1,44.5,9.5
77,Christopher,43,Designer,12,10.9,30.2,0.9,19.4,12.0
78,Lauren,20,Designer,1,9.8,23.9,4.0,35.6,10.5
78,Lauren,20,Designer,2,4.9,33.8,2.6,13.4,12.0
78,Lauren,20,Designer,3,7.7,27.6,2.9,31.2,10.1
78,Lauren,20,Designer,4,12.7,33.8,1.7,41.3,14.0
78,Lauren,20,Designer,5,5.5,34.2,4.2,40.4,11.0
78,Lauren,20,Designer,6,13.2,27.6,0.7,26.7,12.4
78,Lauren,20,Designer,7,8.1,31.3,3.5,51.6,9.9
78,Lauren,20,Designer,8,7.6,29.6,2.7,43.2,10.7
78,Lauren,20,Designer,9,10.7,28.9,1.8,33.6,13.0
78,Lauren,20,Designer,10,10.2,29.8,3.2,24.9,11.5
78,Lauren,20,Designer,11,12.8,33.9,2.0,59.4,11.3
78,Lauren,20,Designer,12,6.7,32.4,1.5,56.0,7.4
79,Barry,22,Manager,1,12.5,26.1,2.6,27.6,11.0
79,Barry,22,Manager,2,6.5,29.4,1.5,42.1,7.7
79,Barry,22,Manager,3,7.7,34.8,2.9,21.0,14.6
79,Barry,22,Manager,4,10.9,18.4,3.7,28.5,9.9
79,Barry,22,Manager,5,14.9,30.5,2.7,47.1,10.8
79,Barry,22,Manager,6,11.3,33.3,1.2,49.8,9.8
79,Barry,22,Manager,7,5.7,27.5,3.6,39.0,9.5
79,Barry,22,Manager,8,14.0,29.4,2.7,27.1,14.5
79,Barry,22,Manager,9,7.1,29.3,2.6,38.2,10.9
79,Barry,22,Manager,10,11.6,25.8,3.1,31.9,11.8
79,Barry,22,Manager,11,15.2,27.6,4.1,40.5,13.2
79,Barry,22,Manager,12,8.7,31.7,2.1,32.4,12.0
80,Jennifer,32,Engineer,1,16.5,26.5,3.1,49.8,10.1
80,Jennifer,32,Engineer,2,15.1,36.6,2.6,34.3,14.2
80,Jennifer,32,Engineer,3,9.3,32.2,5.0,45.2,9.0
80,Jennifer,32,Engineer,4,11.0,27.0,1.0,26.3,10.8
80,Jennifer,32,Engineer,5,8.1,29.0,2.9,22.7,11.2
80,Jennifer,32,Engineer,6,4.9,23.2,3.5,35.6,8.1
80,Jennifer,32,Engineer,7,4.1,38.1,4.0,33.5,11.0
80,Jennifer,32,Engineer,8,6.1,20.3,0.7,38.2,7.4
80,Jennifer,32,Engineer,9,13.7,30.4,3.7,69.7,9.4
80,Jennifer,32,Engineer,10,8.2,41.3,3.8,44.5,12.1
80,Jennifer,32,Engineer,11,6.0,34.2,3.6,41.2,11.2
80,Jennifer,32,Engineer,12,11.3,32.0,3.0,16.0,15.1
81,Alison,22,Freelancer,1,7.8,33.5,3.2,35.1,10.3
81,Alison,22,Freelancer,2,13.5,37.3,3.4,28.4,13.8
81,Alison,22,Freelancer,3,12.2,35.6,1.1,43.8,14.3
81,Alison,22,Freelancer,4,6.4,35.1,3.6,33.0,11.3
81,Alison,22,Freelancer,5,9.1,26.5,3.9,24.1,11.3
81,Alison,22,Freelancer,6,12.4,29.7,2.3,32.2,11.0
81,Alison,22,Freelancer,7,9.3,24.7,2.7,34.4,10.7
81,Alison,22,Freelancer,8,10.9,32.8,3.8,35.7,10.7
81,Alison,22,Freelancer,9,11.0,25.8,1.4,39.5,9.8
81,Alison,22,Freelancer,10,0.8,27.1,2.1,42.2,4.1
81,Alison,22,Freelancer,11,3.2,30.2,1.4,44.7,6.4
81,Alison,22,Freelancer,12,10.0,34.7,3.1,60.1,8.9
82,Gregory,33,Manager,1,9.1,27.5,1.9,40.7,10.9
82,Gregory,33,Manager,2,15.3,28.2,2.7,29.7,12.2
82,Gregory,33,Manager,3,4.0,35.4,1.0,40.7,8.3
82,Gregory,33,Manager,4,6.9,25.5,1.7,17.5,8.2
82,Gregory,33,Manager,5,18.0,28.7,2.1,31.2,15.0
82,Gregory,33,Manager,6,10.9,33.2,2.0,28.3,14.5
82,Gregory,33,Manager,7,12.9,25.3,3.0,37.1,10.3
82,Gregory,33,Manager,8,9.7,33.9,1.8,37.1,11.1
82,Gregory,33,Manager,9,11.6,26.6,3.3,27.7,13.5
82,Gregory,33,Manager,10,8.8,31.8,2.8,27.8,12.0
82,Gregory,33,Manager,11,14.7,30.4,3.5,42.0,14.2
82,Gregory,33,Manager,12,6.9,32.8,1.0,56.8,9.6
83,Nathan,32,Manager,1,10.3,21.1,3.1,34.4,7.6
83,Nathan,32,Manager,2,12.1,23.9,2.9,35.3,9.6
83,Nathan,32,Manager,3,13.5,38.9,3.1,31.8,15.7
83,Nathan,32,Manager,4,12.0,27.4,1.4,51.3,10.2
83,Nathan,32,Manager,5,2.6,28.9,4.1,21.5,8.6
83,Nathan,32,Manager,6,8.8,36.1,1.2,37.1,10.7
83,Nathan,32,Manager,7,12.1,26.5,3.3,43.5,9.7
83,Nathan,32,Manager,8,15.3,23.8,3.2,35.9,13.0
83,Nathan,32,Manager,9,7.6,28.4,2.4,41.5,10.1
83,Nathan,32,Manager,10,11.2,26.1,4.6,42.0,9.1
83,Nathan,32,Manager,11,13.5,33.3,1.7,23.3,16.7
83,Nathan,32,Manager,12,9.4,35.7,4.5,38.3,13.9
84,Jacob,32,Freelancer,1,11.6,26.7,4.2,36.2,10.6
84,Jacob,32,Freelancer,2,9.7,19.7,1.6,20.4,9.9
84,Jacob,32,Freelancer,3,11.8,30.3,3.6,54.2,8.6
84,Jacob,32,Freelancer,4,4.9,39.8,4.1,26.9,12.5
84,Jacob,32,Freelancer,5,3.6,36.2,3.3,23.8,11.5
84,Jacob,32,Freelancer,6,11.0,26.7,4.1,26.1,12.9
84,Jacob,32,Freelancer,7,15.1,34.4,2.1,26.6,14.4
84,Jacob,32,Freelancer,8,7.9,30.4,2.8,42.0,7.5
84,Jacob,32,Freelancer,9,9.9,31.1,2.8,38.4,10.9
84,Jacob,32,Freelancer,10,6.3,34.3,2.4,42.7,10.8
84,Jacob,32,Freelancer,11,14.9,26.2,3.1,37.8,10.2
84,Jacob,32,Freelancer,12,12.3,30.6,3.5,33.2,10.9
85,Christine,31,Manager,1,6.7,38.8,1.6,40.4,9.6
85,Christine,31,Manager,2,9.1,27.0,3.9,32.1,11.4
85,Christine,31,Manager,3,8.2,29.7,3.5,18.9,11.2
85,Christine,31,Manager,4,7.9,35.7,2.8,46.5,11.4
85,Christine,31,Manager,5,10.1,24.3,3.2,52.9,7.4
85,Christine,31,Manager,6,8.3,30.4,1.4,33.7,11.1
85,Christine,31,Manager,7,12.9,20.5,2.0,33.8,8.4
85,Christine,31,Manager,8,14.1,35.1,5.4,24.5,17.9
85,Christine,31,Manager,9,11.5,32.3,1.3,51.6,9.4
85,Christine,31,Manager,10,9.0,31.4,1.3,21.5,12.2
85,Christine,31,Manager,11,11.7,27.3,2.1,26.4,12.2
85,Christine,31,Manager,12,11.2,23.7,2.1,41.4,8.3
86,Tammy,35,Manager,1,10.4,29.1,4.4,36.0,12.1
86,Tammy,35,Manager,2,6.5,29.0,2.5,40.2,7.7
86,Tammy,35,Manager,3,7.6,21.8,3.8,20.0,8.5
86,Tammy,35,Manager,4,5.3,31.7,3.5,49.9,8.8
86,Tammy,35,Manager,5,9.8,31.4,4.7,25.4,13.3
86,Tammy,35,Manager,6,6.7,31.3,2.9,45.5,8.2
86,Tammy,35,Manager,7,10.5,37.6,4.0,16.4,13.9
86,Tammy,35,Manager,8,10.7,28.9,3.6,34.7,9.7
86,Tammy,35,Manager,9,7.9,25.9,0.9,52.7,8.3
86,Tammy,35,Manager,10,10.8,22.6,2.5,36.7,7.8
86,Tammy,35,Manager,11,12.0,20.3,2.7,30.7,8.5
86,Tammy,35,Manager,12,9.8,36.7,2.2,48.4,12.2
87,John,20,Freelancer,1,7.8,32.9,3.4,23.0,13.9
87,John,20,Freelancer,2,6.2,24.8,2.3,42.8,4.9
87,John,20,Freelancer,3,14.8,23.1,3.8,37.1,13.4
87,John,20,Freelancer,4,7.9,34.0,2.6,46.4,11.5
87,John,20,Freelancer,5,7.6,20.8,1.8,36.5,6.2
87,John,20,Freelancer,6,9.7,28.7,3.4,33.5,10.5
87,John,20,Freelancer,7,9.0,28.1,2.7,38.2,8.5
87,John,20,Freelancer,8,10.8,32.5,2.5,15.0,12.5
87,John,20,Freelancer,9,7.4,38.1,2.9,40.8,12.2
87,John,20,Freelancer,10,8.3,28.3,1.9,41.4,9.9
87,John,20,Freelancer,11,8.8,30.1,3.1,40.4,8.0
87,John,20,Freelancer,12,15.9,34.2,2.1,34.6,16.2
88,Albert,42,Engineer,1,8.4,28.0,2.7,28.9,10.7
88,Albert,42,Engineer,2,8.4,27.0,2.6,35.2,7.7
88,Albert,42,Engineer,3,10.4,39.0,2.2,49.1,14.2
88,Albert,42,Engineer,4,14.3,33.2,2.9,34.9,15.2
88,Albert,42,Engineer,5,9.3,28.3,2.7,66.5,5.3
88,Albert,42,Engineer,6,8.3,22.5,5.0,22.7,8.3
88,Albert,42,Engineer,7,7.7,30.9,5.5,22.0,10.9
88,Albert,42,Engineer,8,12.4,34.7,4.4,28.3,16.3
88,Albert,42,Engineer,9,7.8,32.8,1.5,24.6,11.6
88,Albert,42,Engineer,10,9.4,23.2,1.7,21.5,11.4
88,Albert,42,Engineer,11,14.5,31.0,3.6,44.2,14.7
88,Albert,42,Engineer,12,12.1,34.1,3.7,50.2,10.6
89,Julie,37,Manager,1,14.5,28.3,4.1,27.0,14.4
89,Julie,37,Manager,2,12.1,24.7,3.2,24.9,12.1
89,Julie,37,Manager,3,12.6,20.0,1.7,31.2,10.1
89,Julie,37,Manager,4,12.6,26.3,3.3,29.5,13.4
89,Julie,37,Manager,5,7.4,38.2,1.8,53.6,11.7
89,Julie,37,Manager,6,12.0,28.3,3.7,42.0,9.6
89,Julie,37,Manager,7,11.9,27.6,2.1,31.8,11.1
89,Julie,37,Manager,8,8.4,36.2,2.7,41.1,10.4
89,Julie,37,Manager,9,10.8,23.0,3.4,24.5,9.5
89,Julie,37,Manager,10,9.9,32.9,2.3,39.7,10.6
89,Julie,37,Manager,11,10.0,32.2,1.4,48.2,8.6
89,Julie,37,Manager,12,13.4,35.6,2.8,41.7,15.2
90,Erin,30,Manager,1,8.4,37.5,4.3,43.2,10.2
90,Erin,30,Manager,2,10.8,32.1,2.9,26.5,11.0
90,Erin,30,Manager,3,8.1,33.6,4.9,48.3,11.2
90,Erin,30,Manager,4,9.5,32.5,2.2,31.7,12.0
90,Erin,30,Manager,5,11.4,24.3,2.9,37.0,11.8
90,Erin,30,Manager,6,11.6,28.2,1.2,44.3,11.6
90,Erin,30,Manager,7,9.9,32.6,3.9,23.0,13.4
90,Erin,30,Manager,8,2.4,22.9,3.2,46.6,5.9
90,Erin,30,Manager,9,8.6,36.3,3.5,40.9,13.3
90,Erin,30,Manager,10,12.6,29.6,3.0,32.5,11.5
90,Erin,30,Manager,11,6.9,25.3,5.0,43.6,6.7
90,Erin,30,Manager,12,8.8,28.6,2.8,59.5,6.8
91,Cameron,27,Engineer,1,9.5,35.1,3.1,32.6,10.7
91,Cameron,27,Engineer,2,8.8,27.4,3.3,30.1,10.0
91,Cameron,27,Engineer,3,8.5,30.6,3.6,41.3,11.6
91,Cameron,27,Engineer,4,6.8,26.1,3.4,25.4,9.8
91,Cameron,27,Engineer,5,9.9,28.3,3.8,25.9,13.4
91,Cameron,27,Engineer,6,10.5,31.8,3.9,31.1,13.9
91,Cameron,27,Engineer,7,9.7,27.3,2.8,43.1,9.6
91,Cameron,27,Engineer,8,14.3,36.1,4.3,54.6,13.8
91,Cameron,27,Engineer,9,12.5,31.1,1.3,42.3,11.4
91,Cameron,27,Engineer,10,13.7,25.2,2.8,22.1,11.3
91,Cameron,27,Engineer,11,6.9,28.6,3.1,34.9,8.0
91,Cameron,27,Engineer,12,13.2,30.4,2.2,34.0,12.5
92,Ryan,33,Manager,1,6.1,29.3,0.0,51.5,7.9
92,Ryan,33,Manager,2,11.9,23.3,1.7,26.0,12.5
92,Ryan,33,Manager,3,12.7,25.7,2.7,34.7,12.9
92,Ryan,33,Manager,4,9.4,40.4,3.2,31.9,12.3
92,Ryan,33,Manager,5,9.0,34.5,3.7,24.3,14.7
92,Ryan,33,Manager,6,6.9,30.7,4.3,59.4,6.9
92,Ryan,33,Manager,7,6.0,40.1,1.8,37.0,10.0
92,Ryan,33,Manager,8,7.3,32.1,3.1,35.9,11.7
92,Ryan,33,Manager,9,11.5,29.5,2.6,30.3,11.4
92,Ryan,33,Manager,10,8.5,30.6,3.5,17.3,14.2
92,Ryan,33,Manager,11,10.4,30.4,3.6,12.0,13.9
92,Ryan,33,Manager,12,12.7,40.8,4.2,30.3,17.2
93,Janet,36,Student,1,8.2,33.4,3.4,25.7,12.2
93,Janet,36,Student,2,7.5,32.7,2.9,33.3,9.8
93,Janet,36,Student,3,13.6,29.4,4.7,32.3,11.6
93,Janet,36,Student,4,11.2,25.0,2.4,53.5,6.6
93,Janet,36,Student,5,6.5,34.5,2.2,42.0,9.8
93,Janet,36,Student,6,9.5,29.2,3.0,11.0,11.0
93,Janet,36,Student,7,7.3,43.1,3.6,40.2,13.2
93,Janet,36,Student,8,4.1,27.7,4.0,37.8,6.2
93,Janet,36,Student,9,10.9,35.4,2.3,29.7,12.0
93,Janet,36,Student,10,8.3,16.4,4.7,36.8,7.6
93,Janet,36,Student,11,10.3,28.2,4.2,25.7,12.5
93,Janet,36,Student,12,13.0,36.7,1.7,37.8,15.6
94,Andrea,38,Manager,1,7.9,34.5,1.8,26.5,11.2
94,Andrea,38,Manager,2,9.5,36.0,1.5,39.5,12.4
94,Andrea,38,Manager,3,3.5,34.3,1.5,42.4,8.6
94,Andrea,38,Manager,4,8.2,18.9,4.7,24.1,6.8
94,Andrea,38,Manager,5,10.1,32.6,3.3,22.8,11.6
94,Andrea,38,Manager,6,18.2,27.9,3.2,24.4,15.5
94,Andrea,38,Manager,7,11.3,36.9,4.0,32.2,12.5
94,Andrea,38,Manager,8,8.8,30.9,2.4,21.7,10.8
94,Andrea,38,Manager,9,12.5,29.2,3.0,11.5,16.3
94,Andrea,38,Manager,10,5.7,32.7,2.6,44.8,8.4
94,Andrea,38,Manager,11,10.1,31.9,3.2,23.4,14.4
94,Andrea,38,Manager,12,11.8,26.1,0.7,30.9,9.9
95,Peter,20,Designer,1,9.3,34.9,4.3,35.8,14.3
95,Peter,20,Designer,2,11.4,34.6,2.7,40.0,13.3
95,Peter,20,Designer,3,9.1,29.5,3.9,25.8,11.8
95,Peter,20,Designer,4,8.1,38.1,2.9,27.6,15.2
95,Peter,20,Designer,5,6.0,35.0,4.7,45.0,11.7
95,Peter,20,Designer,6,12.8,29.9,2.9,46.5,10.7
95,Peter,20,Designer,7,8.6,27.9,3.6,43.1,10.8
95,Peter,20,Designer,8,8.8,25.4,2.5,41.2,7.5
95,Peter,20,Designer,9,8.8,26.0,3.1,46.0,8.4
95,Peter,20,Designer,10,12.4,24.9,3.0,39.6,11.1
95,Peter,20,Designer,11,0.0,28.9,4.3,37.9,5.2
95,Peter,20,Designer,12,10.7,30.9,3.6,40.4,11.6
96,Kelly,19,Engineer,1,6.7,31.1,2.9,22.2,9.2
96,Kelly,19,Engineer,2,9.2,31.7,2.6,32.6,9.4
96,Kelly,19,Engineer,3,12.7,29.8,2.2,20.9,12.7
96,Kelly,19,Engineer,4,13.5,30.6,3.3,48.8,10.4
96,Kelly,19,Engineer,5,7.0,35.7,2.9,34.5,12.3
96,Kelly,19,Engineer,6,15.6,31.4,1.8,30.2,14.5
96,Kelly,19,Engineer,7,11.2,25.6,4.1,39.8,11.6
96,Kelly,19,Engineer,8,10.9,31.3,3.1,27.2,11.1
96,Kelly,19,Engineer,9,5.1,24.5,3.0,23.6,6.3
96,Kelly,19,Engineer,10,14.1,31.3,3.2,31.3,13.2
96,Kelly,19,Engineer,11,10.9,31.2,2.6,48.6,9.5
96,Kelly,19,Engineer,12,8.6,23.4,3.4,18.6,11.5
97,Eileen,19,Freelancer,1,17.8,29.3,2.6,25.2,15.8
97,Eileen,19,Freelancer,2,5.6,31.2,2.6,25.4,9.4
97,Eileen,19,Freelancer,3,10.7,31.2,2.5,45.3,11.3
97,Eileen,19,Freelancer,4,4.0,29.4,3.2,30.7,7.7
97,Eileen,19,Freelancer,5,9.2,29.7,4.2,22.0,11.7
97,Eileen,19,Freelancer,6,5.7,18.0,4.0,26.2,4.7
97,Eileen,19,Freelancer,7,10.3,27.1,4.3,36.2,11.1
97,Eileen,19,Freelancer,8,9.3,31.2,2.6,39.0,12.4
97,Eileen,19,Freelancer,9,7.2,24.2,4.5,26.8,7.5
97,Eileen,19,Freelancer,10,12.3,29.8,4.4,25.0,15.4
97,Eileen,19,Freelancer,11,8.7,25.7,2.9,38.1,8.3
97,Eileen,19,Freelancer,12,10.3,26.9,2.9,33.3,9.7
98,Grant,18,Freelancer,1,12.9,29.5,3.0,32.5,12.3
98,Grant,18,Freelancer,2,14.2,30.1,1.8,38.3,13.8
98,Grant,18,Freelancer,3,9.9,40.7,2.8,32.7,14.2
98,Grant,18,Freelancer,4,8.4,29.1,3.1,36.8,11.5
98,Grant,18,Freelancer,5,12.3,29.7,1.7,28.6,11.1
98,Grant,18,Freelancer,6,4.8,33.1,4.6,30.0,9.8
98,Grant,18,Freelancer,7,8.7,15.6,3.5,24.9,8.5
98,Grant,18,Freelancer,8,6.9,25.0,2.7,37.8,8.8
98,Grant,18,Freelancer,9,6.8,28.0,3.6,46.3,8.9
98,Grant,18,Freelancer,10,12.7,26.4,3.1,18.6,12.2
98,Grant,18,Freelancer,11,17.5,21.3,0.4,32.4,13.7
98,Grant,18,Freelancer,12,12.5,36.6,4.2,38.2,15.6
99,Jason,31,Freelancer,1,10.6,28.4,3.1,43.8,9.8
99,Jason,31,Freelancer,2,16.6,28.1,3.9,50.1,11.4
99,Jason,31,Freelancer,3,6.5,23.9,4.8,10.6,9.7
99,Jason,31,Freelancer,4,11.3,31.4,4.4,47.4,10.3
99,Jason,31,Freelancer,5,8.3,29.9,3.9,27.3,11.6
99,Jason,31,Freelancer,6,5.9,36.3,1.4,34.4,9.3
99,Jason,31,Freelancer,7,8.7,38.2,2.3,14.8,14.8
99,Jason,31,Freelancer,8,5.0,24.9,2.2,33.9,8.9
99,Jason,31,Freelancer,9,13.3,29.6,5.0,45.6,11.8
99,Jason,31,Freelancer,10,7.0,24.9,3.2,32.9,7.8
99,Jason,31,Freelancer,11,9.6,27.5,4.1,39.4,11.6
99,Jason,31,Freelancer,12,11.5,25.3,1.1,42.0,8.9
100,Katie,26,Engineer,1,9.7,28.3,2.6,32.7,10.9
100,Katie,26,Engineer,2,7.6,34.3,3.0,35.6,10.6
100,Katie,26,Engineer,3,14.2,24.5,3.3,31.1,13.9
100,Katie,26,Engineer,4,12.2,25.7,3.8,24.0,10.9
100,Katie,26,Engineer,5,6.4,29.0,2.6,38.3,8.9
100,Katie,26,Engineer,6,7.4,40.9,3.7,32.2,13.2
100,Katie,26,Engineer,7,13.2,32.6,3.9,39.1,13.5
100,Katie,26,Engineer,8,14.7,25.5,2.0,16.6,12.8
100,Katie,26,Engineer,9,12.4,24.0,2.4,52.1,6.8
100,Katie,26,Engineer,10,5.5,26.6,2.8,51.8,6.6
100,Katie,26,Engineer,11,12.3,26.6,2.0,29.6,9.8
100,Katie,26,Engineer,12,11.1,29.6,2.7,26.5,13.3
101,Natalie,39,Student,1,11.6,21.4,2.4,53.4,7.6
101,Natalie,39,Student,2,6.9,26.5,6.1,52.6,6.5
101,Natalie,39,Student,3,10.1,30.8,1.9,43.4,12.2
101,Natalie,39,Student,4,9.1,40.8,1.7,29.5,12.8
101,Natalie,39,Student,5,11.6,36.5,2.3,34.1,14.1
101,Natalie,39,Student,6,14.5,28.9,3.1,39.2,11.1
101,Natalie,39,Student,7,10.6,18.9,3.6,15.6,9.6
101,Natalie,39,Student,8,10.5,29.9,2.7,40.1,10.8
101,Natalie,39,Student,9,7.5,33.8,2.5,35.5,11.7
101,Natalie,39,Student,10,12.7,23.9,4.6,37.4,10.3
101,Natalie,39,Student,11,12.1,36.4,2.0,18.9,15.8
101,Natalie,39,Student,12,9.1,31.8,3.5,36.1,10.5
102,Lauren,24,Designer,1,7.2,23.3,3.8,43.1,6.0
102,Lauren,24,Designer,2,13.2,32.6,1.9,48.1,12.3
102,Lauren,24,Designer,3,10.5,25.2,3.5,20.7,13.0
102,Lauren,24,Designer,4,9.6,27.6,2.9,51.1,8.2
102,Lauren,24,Designer,5,9.7,33.7,2.4,38.8,11.3
102,Lauren,24,Designer,6,11.0,27.1,2.9,45.7,8.1
102,Lauren,24,Designer,7,12.3,34.0,3.1,41.8,12.5
102,Lauren,24,Designer,8,9.6,30.8,1.6,46.4,10.6
102,Lauren,24,Designer,9,9.8,36.6,3.1,29.0,15.2
102,Lauren,24,Designer,10,10.9,35.7,2.2,10.4,17.3
102,Lauren,24,Designer,11,7.3,33.9,2.0,33.2,9.0
102,Lauren,24,Designer,12,18.6,29.4,2.6,29.6,15.2
103,William,20,Student,1,10.6,27.0,3.1,35.2,11.0
103,William,20,Student,2,15.1,38.3,3.8,12.8,19.7
103,William,20,Student,3,9.6,30.3,1.4,38.1,11.2
103,William,20,Student,4,9.9,31.8,1.9,30.2,13.2
103,William,20,Student,5,11.8,32.8,4.0,33.9,12.9
103,William,20,Student,6,8.2,30.8,2.1,16.7,12.8
103,William,20,Student,7,17.7,27.9,1.3,30.3,13.0
103,William,20,Student,8,10.4,31.0,2.4,26.8,13.8
103,William,20,Student,9,10.8,30.9,2.9,35.1,13.2
103,William,20,Student,10,10.0,37.9,3.6,11.1,14.8
103,William,20,Student,11,10.6,36.7,4.5,29.7,12.9
103,William,20,Student,12,14.9,29.3,3.1,29.0,13.5
104,Eric,44,Freelancer,1,12.2,30.2,3.2,35.5,13.7
104,Eric,44,Freelancer,2,9.9,32.7,2.9,31.6,10.6
104,Eric,44,Freelancer,3,10.9,34.6,2.5,29.5,13.1
104,Eric,44,Freelancer,4,13.0,31.5,3.0,36.9,12.1
104,Eric,44,Freelancer,5,10.7,37.6,2.9,26.8,15.7
104,Eric,44,Freelancer,6,7.5,29.0,3.3,40.9,7.9
104,Eric,44,Freelancer,7,11.2,31.9,3.6,36.5,12.2
104,Eric,44,Freelancer,8,9.5,29.1,3.8,10.0,14.1
104,Eric,44,Freelancer,9,8.8,37.2,2.3,30.8,14.6
104,Eric,44,Freelancer,10,10.3,27.1,2.5,27.5,9.6
104,Eric,44,Freelancer,11,10.4,23.6,2.5,13.5,12.3
104,Eric,44,Freelancer,12,7.5,39.0,1.5,41.1,13.0
105,Alexander,38,Engineer,1,8.3,22.9,4.0,19.7,9.4
105,Alexander,38,Engineer,2,8.2,23.8,4.2,19.6,9.8
105,Alexander,38,Engineer,3,10.0,36.5,4.7,13.4,16.7
105,Alexander,38,Engineer,4,10.7,34.6,3.3,30.9,14.0
105,Alexander,38,Engineer,5,4.3,35.0,4.0,29.4,10.8
105,Alexander,38,Engineer,6,9.3,34.8,4.1,46.3,10.2
105,Alexander,38,Engineer,7,11.1,35.4,4.3,21.6,13.7
105,Alexander,38,Engineer,8,9.4,34.7,1.6,22.9,14.9
105,Alexander,38,Engineer,9,11.6,27.9,2.0,34.9,10.6
105,Alexander,38,Engineer,10,4.7,28.3,3.2,44.8,6.1
105,Alexander,38,Engineer,11,10.7,33.0,3.5,41.2,13.2
105,Alexander,38,Engineer,12,10.8,26.6,3.5,25.5,10.7
106,Ana,43,Freelancer,1,12.3,32.0,3.3,40.5,11.3
106,Ana,43,Freelancer,2,5.9,32.9,2.9,44.3,8.5
106,Ana,43,Freelancer,3,12.7,26.9,4.4,28.7,12.6
106,Ana,43,Freelancer,4,10.4,36.5,4.7,55.9,13.4
106,Ana,43,Freelancer,5,8.7,29.8,2.7,22.0,13.2
106,Ana,43,Freelancer,6,7.1,31.3,3.7,34.4,8.5
106,Ana,43,Freelancer,7,7.6,33.4,1.8,14.5,11.6
106,Ana,43,Freelancer,8,9.8,39.1,4.0,39.7,14.7
106,Ana,43,Freelancer,9,9.2,30.2,2.8,45.4,9.8
106,Ana,43,Freelancer,10,10.2,24.5,5.0,29.7,10.7
106,Ana,43,Freelancer,11,12.7,31.2,2.0,30.9,12.6
106,Ana,43,Freelancer,12,8.1,34.8,2.6,36.6,12.3
107,Lisa,33,Designer,1,13.1,27.9,4.6,49.6,10.4
107,Lisa,33,Designer,2,13.9,28.9,2.7,44.5,10.9
107,Lisa,33,Designer,3,10.3,25.3,3.2,44.7,7.5
107,Lisa,33,Designer,4,4.4,30.2,2.5,35.9,7.4
107,Lisa,33,Designer,5,14.2,24.1,3.5,32.5,11.6
107,Lisa,33,Designer,6,6.3,36.0,3.0,34.0,10.7
107,Lisa,33,Designer,7,8.3,25.8,4.0,33.0,8.3
107,Lisa,33,Designer,8,11.6,22.0,1.9,11.5,9.9
107,Lisa,33,Designer,9,8.6,30.1,2.0,26.1,12.0
107,Lisa,33,Designer,10,15.9,32.7,3.5,30.5,14.0
107,Lisa,33,Designer,11,9.0,20.4,2.8,35.1,8.4
107,Lisa,33,Designer,12,9.4,28.8,3.5,39.4,9.3
108,Brandon,41,Student,1,12.3,25.2,4.9,34.5,9.3
108,Brandon,41,Student,2,4.4,42.0,1.5,17.4,12.8
108,Brandon,41,Student,3,8.0,29.6,2.5,38.1,8.7
108,Brandon,41,Student,4,7.4,35.0,3.0,33.0,13.4
108,Brandon,41,Student,5,6.1,26.0,3.5,58.7,4.0
108,Brandon,41,Student,6,8.6,29.2,3.4,30.7,10.1
108,Brandon,41,Student,7,8.5,34.5,3.0,28.4,13.8
108,Brandon,41,Student,8,10.3,29.4,1.0,26.5,12.7
108,Brandon,41,Student,9,7.6,32.9,3.6,22.2,12.0
108,Brandon,41,Student,10,7.3,33.6,4.1,45.9,10.1
108,Brandon,41,Student,11,10.2,35.7,1.0,34.7,11.3
108,Brandon,41,Student,12,5.9,30.3,4.1,55.7,5.3
109,Debra,18,Designer,1,16.6,34.3,3.4,24.1,17.1
109,Debra,18,Designer,2,6.1,36.4,3.1,42.0,10.0
109,Debra,18,Designer,3,9.6,36.0,2.8,35.0,13.5
109,Debra,18,Designer,4,11.2,31.5,3.2,33.2,12.4
109,Debra,18,Designer,5,11.4,22.9,3.0,33.3,10.6
109,Debra,18,Designer,6,8.2,31.3,1.8,40.4,9.3
109,Debra,18,Designer,7,11.1,31.0,3.9,42.6,9.7
109,Debra,18,Designer,8,15.7,31.3,4.4,41.6,14.3
109,Debra,18,Designer,9,12.9,34.9,2.9,14.1,17.7
109,Debra,18,Designer,10,12.8,29.5,1.4,46.2,12.5
109,Debra,18,Designer,11,8.9,28.3,2.2,22.6,9.1
109,Debra,18,Designer,12,3.5,28.8,2.5,45.0,6.5
110,Kathy,39,Designer,1,6.1,26.4,3.2,36.9,7.3
110,Kathy,39,Designer,2,5.6,29.4,1.6,46.6,8.1
110,Kathy,39,Designer,3,7.1,35.7,3.8,23.3,14.2
110,Kathy,39,Designer,4,7.0,27.9,3.1,41.0,9.7
110,Kathy,39,Designer,5,10.0,28.1,2.5,34.7,12.0
110,Kathy,39,Designer,6,12.6,36.5,1.7,29.9,13.3
110,Kathy,39,Designer,7,7.6,31.1,2.4,32.5,12.3
110,Kathy,39,Designer,8,10.1,24.2,4.4,56.0,8.4
110,Kathy,39,Designer,9,11.2,35.3,3.2,39.2,14.0
110,Kathy,39,Designer,10,5.2,29.5,1.4,41.8,8.6
110,Kathy,39,Designer,11,7.7,28.3,1.4,10.0,13.1
110,Kathy,39,Designer,12,8.3,21.5,3.9,50.2,6.4
111,Emily,39,Designer,1,9.0,36.2,1.7,39.0,12.3
111,Emily,39,Designer,2,9.9,35.1,3.8,29.6,12.7
111,Emily,39,Designer,3,12.0,28.6,5.1,34.8,11.2
111,Emily,39,Designer,4,11.8,29.1,3.3,37.2,13.4
111,Emily,39,Designer,5,10.8,36.1,3.7,36.9,12.8
111,Emily,39,Designer,6,4.5,29.0,2.9,19.2,8.6
111,Emily,39,Designer,7,10.1,29.2,1.6,41.0,8.3
111,Emily,39,Designer,8,13.8,29.2,2.2,31.3,12.2
111,Emily,39,Designer,9,10.7,36.7,3.7,25.8,16.1
111,Emily,39,Designer,10,11.9,26.2,2.5,24.1,10.7
111,Emily,39,Designer,11,5.8,28.6,3.4,44.9,9.0
111,Emily,39,Designer,12,12.8,35.6,3.4,57.7,13.7
112,Emily,29,Student,1,7.0,27.0,4.0,44.4,6.4
112,Emily,29,Student,2,10.1,34.4,1.8,39.7,11.6
112,Emily,29,Student,3,11.5,26.4,3.9,47.6,9.7
112,Emily,29,Student,4,7.7,32.5,3.8,28.5,12.0
112,Emily,29,Student,5,14.0,23.9,3.1,31.4,11.1
112,Emily,29,Student,6,6.7,30.8,1.0,31.2,10.1
112,Emily,29,Student,7,4.0,31.1,2.6,18.8,10.1
112,Emily,29,Student,8,9.3,34.1,3.9,36.5,12.5
112,Emily,29,Student,9,16.1,19.4,2.6,14.7,14.5
112,Emily,29,Student,10,15.7,32.5,3.3,33.9,15.2
112,Emily,29,Student,11,9.6,31.3,1.5,41.9,8.6
112,Emily,29,Student,12,12.9,25.5,3.8,19.9,10.9
113,Kimberly,45,Student,1,11.1,37.8,3.9,22.6,16.9
113,Kimberly,45,Student,2,8.5,28.0,2.7,36.1,7.7
113,Kimberly,45,Student,3,15.6,23.8,3.1,29.5,14.5
113,Kimberly,45,Student,4,8.0,33.8,2.6,30.0,9.7
113,Kimberly,45,Student,5,10.1,29.2,4.3,48.1,8.4
113,Kimberly,45,Student,6,9.9,30.2,3.0,25.3,10.6
113,Kimberly,45,Student,7,16.2,28.5,3.7,39.7,14.0
113,Kimberly,45,Student,8,10.0,37.3,2.7,31.4,13.2
113,Kimberly,45,Student,9,11.9,30.1,1.5,62.8,7.4
113,Kimberly,45,Student,10,4.2,32.1,3.3,26.8,10.4
113,Kimberly,45,Student,11,5.7,30.5,3.6,35.2,10.1
113,Kimberly,45,Student,12,10.3,30.6,0.7,42.5,11.4
114,Robert,25,Freelancer,1,7.2,36.5,2.3,30.0,12.4
114,Robert,25,Freelancer,2,11.8,29.0,3.0,57.6,10.5
114,Robert,25,Freelancer,3,7.8,32.2,2.1,42.5,8.7
114,Robert,25,Freelancer,4,9.7,26.3,4.2,37.0,8.8
114,Robert,25,Freelancer,5,6.1,26.9,0.6,28.9,9.6
114,Robert,25,Freelancer,6,12.0,30.7,3.0,38.0,12.9
114,Robert,25,Freelancer,7,7.8,28.4,1.1,28.6,9.3
114,Robert,25,Freelancer,8,12.7,34.5,3.0,10.1,15.5
114,Robert,25,Freelancer,9,12.9,32.4,4.3,54.2,13.3
114,Robert,25,Freelancer,10,10.5,27.6,2.5,41.8,10.7
114,Robert,25,Freelancer,11,6.9,28.0,4.3,25.1,8.4
114,Robert,25,Freelancer,12,15.5,29.5,3.1,47.0,11.8
115,Teresa,39,Manager,1,12.7,31.3,4.2,46.1,10.4
115,Teresa,39,Manager,2,9.5,33.5,4.1,37.5,10.7
115,Teresa,39,Manager,3,8.4,32.4,3.1,38.0,11.5
115,Teresa,39,Manager,4,14.0,39.4,2.8,50.2,15.3
115,Teresa,39,Manager,5,11.8,28.0,2.7,18.2,12.0
115,Teresa,39,Manager,6,10.9,31.1,2.7,45.5,9.5
115,Teresa,39,Manager,7,11.0,27.0,2.7,26.4,11.8
115,Teresa,39,Manager,8,9.4,33.8,3.2,52.7,11.1
115,Teresa,39,Manager,9,9.1,40.7,4.8,20.9,17.3
115,Teresa,39,Manager,10,14.1,28.5,2.0,20.3,13.2
115,Teresa,39,Manager,11,11.9,36.1,4.0,44.0,12.3
115,Teresa,39,Manager,12,13.1,27.3,2.0,24.4,11.2
116,Cassidy,42,Freelancer,1,7.0,31.8,3.1,40.7,8.5
116,Cassidy,42,Freelancer,2,11.8,18.5,3.1,12.9,12.4
116,Cassidy,42,Freelancer,3,6.2,26.5,3.1,11.3,11.6
116,Cassidy,42,Freelancer,4,14.0,29.8,5.0,52.9,12.3
116,Cassidy,42,Freelancer,5,12.6,36.1,2.6,41.0,15.3
116,Cassidy,42,Freelancer,6,6.9,28.7,3.6,48.4,6.4
116,Cassidy,42,Freelancer,7,11.6,39.4,3.7,35.2,14.3
116,Cassidy,42,Freelancer,8,7.3,29.8,2.6,35.5,9.0
116,Cassidy,42,Freelancer,9,9.5,22.2,3.2,40.3,9.2
116,Cassidy,42,Freelancer,10,6.7,23.3,4.5,35.1,7.9
116,Cassidy,42,Freelancer,11,7.2,21.0,2.5,42.4,4.8
116,Cassidy,42,Freelancer,12,7.9,32.2,2.1,34.1,11.3
117,Danielle,34,Manager,1,7.5,28.6,1.8,36.9,8.2
117,Danielle,34,Manager,2,10.2,24.6,1.7,53.2,5.6
117,Danielle,34,Manager,3,7.5,30.7,3.2,26.9,9.5
117,Danielle,34,Manager,4,12.2,36.6,3.0,49.3,13.5
117,Danielle,34,Manager,5,10.5,30.2,3.6,25.3,12.4
117,Danielle,34,Manager,6,9.8,32.0,3.0,30.7,14.0
117,Danielle,34,Manager,7,8.8,25.0,3.6,41.5,7.7
117,Danielle,34,Manager,8,11.9,35.3,3.1,41.5,12.8
117,Danielle,34,Manager,9,9.1,25.7,3.2,27.5,9.7
117,Danielle,34,Manager,10,6.8,36.8,4.4,36.9,13.0
117,Danielle,34,Manager,11,12.2,26.5,3.6,30.0,11.5
117,Danielle,34,Manager,12,4.6,33.4,1.8,31.2,9.5
118,Lisa,32,Student,1,10.6,22.8,4.1,44.1,7.3
118,Lisa,32,Student,2,12.6,25.7,4.2,23.9,13.9
118,Lisa,32,Student,3,14.3,36.7,1.4,48.0,11.7
118,Lisa,32,Student,4,8.6,30.6,2.2,40.9,10.6
118,Lisa,32,Student,5,12.1,33.2,2.6,38.1,13.9
118,Lisa,32,Student,6,17.8,29.6,2.9,55.6,13.7
118,Lisa,32,Student,7,7.5,37.6,3.1,56.2,9.5
118,Lisa,32,Student,8,8.2,32.0,2.5,14.0,14.5
118,Lisa,32,Student,9,11.5,28.5,3.8,55.4,9.2
118,Lisa,32,Student,10,7.9,34.4,3.7,16.2,13.7
118,Lisa,32,Student,11,8.6,29.4,3.0,28.9,10.9
118,Lisa,32,Student,12,3.6,29.7,1.5,36.0,6.1
119,Ariel,29,Freelancer,1,11.5,28.5,5.3,50.9,10.8
119,Ariel,29,Freelancer,2,11.3,39.2,3.2,31.2,12.9
119,Ariel,29,Freelancer,3,11.8,27.4,1.9,24.9,11.5
119,Ariel,29,Freelancer,4,8.5,36.4,2.6,27.1,13.2
119,Ariel,29,Freelancer,5,10.9,24.6,1.8,47.0,6.9
119,Ariel,29,Freelancer,6,12.3,28.7,3.4,40.0,11.5
119,Ariel,29,Freelancer,7,11.6,28.2,2.8,28.2,12.6
119,Ariel,29,Freelancer,8,9.8,38.0,2.4,22.4,14.7
119,Ariel,29,Freelancer,9,3.2,24.7,4.0,29.7,5.9
119,Ariel,29,Freelancer,10,8.0,27.3,1.8,41.9,6.9
119,Ariel,29,Freelancer,11,8.9,22.9,2.7,47.8,6.5
119,Ariel,29,Freelancer,12,12.7,31.9,3.5,36.7,12.5
120,Ronald,23,Manager,1,8.4,27.9,4.0,43.0,8.4
120,Ronald,23,Manager,2,8.0,25.9,1.5,45.6,8.3
120,Ronald,23,Manager,3,9.9,32.1,2.5,38.3,11.3
120,Ronald,23,Manager,4,9.6,29.1,3.5,29.7,10.6
120,Ronald,23,Manager,5,9.6,26.9,2.6,26.1,9.9
120,Ronald,23,Manager,6,7.2,27.1,3.1,53.9,7.1
120,Ronald,23,Manager,7,10.4,36.4,2.5,23.8,15.9
120,Ronald,23,Manager,8,11.4,21.0,2.7,36.8,10.7
120,Ronald,23,Manager,9,8.3,29.7,2.2,40.7,7.5
120,Ronald,23,Manager,10,7.8,30.9,4.4,35.8,9.7
120,Ronald,23,Manager,11,16.7,38.0,3.1,36.8,15.9
120,Ronald,23,Manager,12,13.2,33.4,1.4,10.0,14.8
121,Catherine,37,Designer,1,6.9,35.6,4.2,25.5,12.6
121,Catherine,37,Designer,2,6.2,28.9,1.4,30.4,8.5
121,Catherine,37,Designer,3,16.3,29.2,3.9,28.8,13.5
121,Catherine,37,Designer,4,12.0,26.9,0.8,46.0,9.6
121,Catherine,37,Designer,5,8.5,35.8,4.2,34.9,11.9
121,Catherine,37,Designer,6,8.2,36.6,4.9,28.1,13.3
121,Catherine,37,Designer,7,14.1,29.5,3.4,33.9,13.2
121,Catherine,37,Designer,8,6.6,35.9,1.3,23.1,11.4
121,Catherine,37,Designer,9,13.2,26.5,1.8,35.3,9.8
121,Catherine,37,Designer,10,10.1,33.6,3.4,36.3,12.8
121,Catherine,37,Designer,11,11.3,29.9,2.7,11.8,15.5
121,Catherine,37,Designer,12,12.5,28.8,1.3,44.7,12.6
122,Bill,45,Manager,1,14.3,29.5,4.4,54.8,12.5
122,Bill,45,Manager,2,11.0,29.9,3.3,56.1,11.4
122,Bill,45,Manager,3,10.7,33.0,4.4,52.3,10.7
122,Bill,45,Manager,4,7.6,34.4,3.6,50.0,9.3
122,Bill,45,Manager,5,6.7,34.4,3.8,29.3,11.0
122,Bill,45,Manager,6,9.4,37.0,2.3,40.7,10.4
122,Bill,45,Manager,7,8.8,34.8,2.3,37.2,11.4
122,Bill,45,Manager,8,5.6,35.7,3.5,57.6,6.8
122,Bill,45,Manager,9,5.4,33.3,3.2,38.7,8.2
122,Bill,45,Manager,10,10.1,30.6,1.6,30.5,13.3
122,Bill,45,Manager,11,6.0,34.9,2.6,44.8,11.4
122,Bill,45,Manager,12,14.8,30.7,4.6,32.6,15.4
123,Andrew,38,Manager,1,14.9,25.5,2.9,37.7,11.0
123,Andrew,38,Manager,2,8.9,29.4,4.1,39.8,8.9
123,Andrew,38,Manager,3,9.8,47.0,0.7,24.5,15.6
123,Andrew,38,Manager,4,9.0,30.7,5.4,35.1,10.7
123,Andrew,38,Manager,5,9.2,32.3,2.5,30.5,12.7
123,Andrew,38,Manager,6,6.5,33.7,1.6,54.5,8.4
123,Andrew,38,Manager,7,14.0,23.6,3.3,31.0,11.0
123,Andrew,38,Manager,8,7.1,32.3,3.9,23.6,11.5
123,Andrew,38,Manager,9,15.2,34.7,2.0,44.6,13.7
123,Andrew,38,Manager,10,9.8,18.3,2.9,49.2,5.0
123,Andrew,38,Manager,11,4.5,26.2,3.2,42.8,4.8
123,Andrew,38,Manager,12,7.9,33.9,2.2,41.8,10.2
124,Kimberly,20,Engineer,1,13.6,20.2,3.2,30.7,10.7
124,Kimberly,20,Engineer,2,13.5,30.3,2.5,50.6,9.8
124,Kimberly,20,Engineer,3,7.3,28.0,2.7,34.1,10.3
124,Kimberly,20,Engineer,4,10.3,32.0,4.6,31.5,13.9
124,Kimberly,20,Engineer,5,7.9,28.4,3.6,36.6,10.8
124,Kimberly,20,Engineer,6,16.9,41.8,2.8,26.8,19.5
124,Kimberly,20,Engineer,7,7.3,29.5,2.6,29.1,9.3
124,Kimberly,20,Engineer,8,11.1,29.9,2.6,33.7,12.2
124,Kimberly,20,Engineer,9,12.6,24.7,2.2,50.1,7.9
124,Kimberly,20,Engineer,10,8.0,33.0,1.1,35.1,10.5
124,Kimberly,20,Engineer,11,3.7,34.2,2.4,31.7,11.1
124,Kimberly,20,Engineer,12,6.4,29.9,3.1,27.7,9.0
125,Richard,29,Student,1,8.5,27.4,2.9,35.1,8.9
125,Richard,29,Student,2,15.1,33.2,3.7,32.2,13.5
125,Richard,29,Student,3,6.7,27.5,2.7,25.4,8.8
125,Richard,29,Student,4,10.7,35.1,2.5,20.9,13.3
125,Richard,29,Student,5,11.0,31.9,2.2,24.7,12.5
125,Richard,29,Student,6,9.9,31.0,4.2,34.8,9.9
125,Richard,29,Student,7,9.8,23.7,4.1,43.2,9.4
125,Richard,29,Student,8,8.9,35.0,5.0,31.7,14.2
125,Richard,29,Student,9,10.7,33.2,3.3,29.4,14.6
125,Richard,29,Student,10,8.9,30.7,1.4,51.5,8.2
125,Richard,29,Student,11,12.7,34.6,2.8,40.7,14.1
125,Richard,29,Student,12,11.6,32.6,3.2,38.4,14.0
126,Joseph,21,Student,1,11.6,36.2,4.2,39.2,14.3
126,Joseph,21,Student,2,8.2,29.5,3.4,23.6,10.3
126,Joseph,21,Student,3,4.5,26.1,3.3,33.6,7.4
126,Joseph,21,Student,4,11.3,27.9,2.6,30.9,12.8
126,Joseph,21,Student,5,17.3,28.0,3.8,38.7,15.3
126,Joseph,21,Student,6,6.7,35.4,2.3,20.3,11.5
126,Joseph,21,Student,7,8.3,37.9,3.1,39.0,10.6
126,Joseph,21,Student,8,14.3,37.6,3.2,33.1,14.9
126,Joseph,21,Student,9,5.2,25.8,2.1,46.0,4.5
126,Joseph,21,Student,10,12.2,30.7,2.0,33.2,14.0
126,Joseph,21,Student,11,11.2,36.4,5.6,38.3,12.3
126,Joseph,21,Student,12,12.3,31.0,4.6,24.9,12.1
127,Maria,26,Designer,1,13.6,19.0,2.5,26.0,8.7
127,Maria,26,Designer,2,12.0,29.1,4.1,21.5,15.2
127,Maria,26,Designer,3,10.2,34.3,2.8,22.4,14.6
127,Maria,26,Designer,4,12.4,21.7,2.9,27.0,10.6
127,Maria,26,Designer,5,9.6,25.4,2.6,39.6,9.3
127,Maria,26,Designer,6,10.8,25.1,2.1,22.0,9.7
127,Maria,26,Designer,7,10.3,25.9,2.7,31.6,9.4
127,Maria,26,Designer,8,7.5,42.6,2.3,28.9,15.4
127,Maria,26,Designer,9,10.8,24.3,3.4,41.2,11.2
127,Maria,26,Designer,10,8.6,26.4,1.4,33.4,9.3
127,Maria,26,Designer,11,12.7,34.7,4.1,16.8,15.5
127,Maria,26,Designer,12,12.2,26.5,3.2,51.9,8.1
128,Bridget,21,Freelancer,1,11.9,33.8,2.4,41.0,11.0
128,Bridget,21,Freelancer,2,14.4,42.0,3.7,33.0,16.0
128,Bridget,21,Freelancer,3,12.7,28.5,5.4,34.2,14.5
128,Bridget,21,Freelancer,4,10.5,30.7,1.6,43.0,11.0
128,Bridget,21,Freelancer,5,10.7,32.9,2.4,43.0,12.5
128,Bridget,21,Freelancer,6,15.5,30.1,3.5,10.0,15.2
128,Bridget,21,Freelancer,7,7.4,25.9,2.4,39.3,8.9
128,Bridget,21,Freelancer,8,5.6,27.8,4.7,48.1,8.9
128,Bridget,21,Freelancer,9,8.4,29.4,2.9,30.0,12.1
128,Bridget,21,Freelancer,10,11.2,31.8,3.7,26.0,11.6
128,Bridget,21,Freelancer,11,9.8,27.9,2.2,29.1,9.7
128,Bridget,21,Freelancer,12,9.9,34.4,2.8,38.7,12.4
129,Andrew,21,Designer,1,12.0,28.8,1.8,11.3,12.6
129,Andrew,21,Designer,2,11.8,26.4,1.5,43.4,11.0
129,Andrew,21,Designer,3,6.9,20.0,2.4,40.3,4.0
129,Andrew,21,Designer,4,5.5,27.7,4.1,31.6,7.9
129,Andrew,21,Designer,5,8.9,32.7,3.6,40.5,10.5
129,Andrew,21,Designer,6,6.0,30.5,3.2,41.9,8.1
129,Andrew,21,Designer,7,6.2,12.9,3.0,28.1,3.9
129,Andrew,21,Designer,8,9.8,24.4,3.6,39.1,8.9
129,Andrew,21,Designer,9,1.6,30.9,2.6,27.7,8.7
129,Andrew,21,Designer,10,11.0,35.3,3.7,33.8,13.2
129,Andrew,21,Designer,11,7.1,19.2,2.0,27.0,7.5
129,Andrew,21,Designer,12,12.8,24.2,2.4,54.7,10.5
130,Lisa,30,Student,1,10.2,25.6,3.7,34.6,9.0
130,Lisa,30,Student,2,6.7,25.9,2.2,44.1,8.6
130,Lisa,30,Student,3,10.4,33.1,5.0,35.1,13.6
130,Lisa,30,Student,4,9.6,28.7,3.8,25.3,11.6
130,Lisa,30,Student,5,8.7,36.1,4.5,40.0,12.4
130,Lisa,30,Student,6,11.1,27.2,2.4,38.2,10.5
130,Lisa,30,Student,7,5.2,27.2,4.5,57.8,5.4
130,Lisa,30,Student,8,12.0,30.9,1.2,33.2,14.0
130,Lisa,30,Student,9,7.4,30.8,4.1,20.6,11.9
130,Lisa,30,Student,10,12.0,30.5,2.6,40.2,12.7
130,Lisa,30,Student,11,14.1,26.4,4.9,46.7,12.0
130,Lisa,30,Student,12,5.7,29.1,2.0,49.4,8.8
131,Kayla,31,Manager,1,8.2,27.1,4.5,37.6,10.4
131,Kayla,31,Manager,2,8.4,27.7,4.4,21.4,13.1
131,Kayla,31,Manager,3,12.4,29.1,3.7,31.4,12.7
131,Kayla,31,Manager,4,11.9,31.7,3.1,27.6,12.3
131,Kayla,31,Manager,5,11.4,30.7,3.2,41.6,9.7
131,Kayla,31,Manager,6,9.8,27.3,3.2,41.1,11.0
131,Kayla,31,Manager,7,9.1,23.3,4.8,47.9,6.6
131,Kayla,31,Manager,8,8.6,25.9,2.5,37.2,7.6
131,Kayla,31,Manager,9,9.1,40.6,2.5,27.7,13.8
131,Kayla,31,Manager,10,6.1,28.4,3.4,25.8,7.7
131,Kayla,31,Manager,11,13.9,21.3,4.0,35.3,9.1
131,Kayla,31,Manager,12,10.5,35.7,2.5,27.4,14.4
132,Jocelyn,39,Manager,1,7.8,29.1,3.0,18.0,12.8
132,Jocelyn,39,Manager,2,10.2,25.6,2.1,31.1,12.0
132,Jocelyn,39,Manager,3,11.5,32.4,1.4,47.0,12.1
132,Jocelyn,39,Manager,4,10.2,30.1,3.7,56.3,7.4
132,Jocelyn,39,Manager,5,8.0,33.7,2.3,33.1,13.3
132,Jocelyn,39,Manager,6,8.7,30.4,2.6,43.9,8.0
132,Jocelyn,39,Manager,7,5.3,31.0,1.7,22.3,9.5
132,Jocelyn,39,Manager,8,13.5,32.5,4.3,31.1,12.3
132,Jocelyn,39,Manager,9,10.4,31.9,3.3,34.5,10.2
132,Jocelyn,39,Manager,10,8.6,27.4,2.7,17.4,11.1
132,Jocelyn,39,Manager,11,14.7,22.2,1.9,32.0,12.5
132,Jocelyn,39,Manager,12,4.7,33.0,3.3,45.7,9.2
133,Eric,19,Designer,1,4.0,30.0,3.6,28.3,8.8
133,Eric,19,Designer,2,14.5,25.8,4.9,47.2,9.6
133,Eric,19,Designer,3,7.6,29.4,2.7,27.1,10.4
133,Eric,19,Designer,4,5.1,22.5,1.8,38.0,7.6
133,Eric,19,Designer,5,15.1,35.0,1.7,23.3,14.1
133,Eric,19,Designer,6,9.6,25.5,3.0,19.0,11.5
133,Eric,19,Designer,7,12.3,23.3,3.3,47.5,9.2
133,Eric,19,Designer,8,7.4,31.6,4.2,40.4,10.9
133,Eric,19,Designer,9,7.8,32.1,1.4,35.2,11.2
133,Eric,19,Designer,10,13.6,27.5,2.0,44.4,9.9
133,Eric,19,Designer,11,9.1,29.9,4.3,40.1,9.0
133,Eric,19,Designer,12,13.4,27.9,3.0,16.6,13.5
134,Tim,28,Freelancer,1,9.1,32.3,2.7,30.5,13.3
134,Tim,28,Freelancer,2,14.8,37.5,2.5,18.6,19.0
134,Tim,28,Freelancer,3,7.2,32.7,3.2,32.0,12.4
134,Tim,28,Freelancer,4,12.0,30.0,1.5,34.8,11.2
134,Tim,28,Freelancer,5,9.0,27.6,3.0,41.7,11.0
134,Tim,28,Freelancer,6,8.8,33.6,3.2,44.6,12.0
134,Tim,28,Freelancer,7,7.4,31.6,3.4,36.0,11.5
134,Tim,28,Freelancer,8,10.7,31.2,2.7,32.4,13.5
134,Tim,28,Freelancer,9,10.7,34.8,3.3,39.9,13.3
134,Tim,28,Freelancer,10,8.3,35.7,3.0,27.2,13.8
134,Tim,28,Freelancer,11,8.4,34.0,5.0,39.2,12.3
134,Tim,28,Freelancer,12,6.4,29.1,4.6,23.7,9.1
135,Manuel,20,Manager,1,16.3,33.3,3.2,45.8,14.9
135,Manuel,20,Manager,2,8.8,28.6,3.6,32.5,10.1
135,Manuel,20,Manager,3,12.8,28.0,2.0,39.3,9.4
135,Manuel,20,Manager,4,12.9,28.9,2.7,23.2,11.4
135,Manuel,20,Manager,5,10.8,19.6,2.9,42.8,6.0
135,Manuel,20,Manager,6,11.7,25.1,2.7,30.1,9.7
135,Manuel,20,Manager,7,9.8,27.7,2.2,19.5,10.3
135,Manuel,20,Manager,8,9.3,34.3,3.0,27.2,14.6
135,Manuel,20,Manager,9,6.4,21.9,3.7,50.9,6.0
135,Manuel,20,Manager,10,13.9,24.7,1.7,50.0,9.7
135,Manuel,20,Manager,11,9.9,32.2,5.0,28.7,11.9
135,Manuel,20,Manager,12,12.0,23.3,1.8,30.7,8.7
136,Rachel,38,Freelancer,1,12.9,31.9,2.9,37.0,13.8
136,Rachel,38,Freelancer,2,9.5,31.9,2.8,41.1,10.6
136,Rachel,38,Freelancer,3,9.8,22.6,2.9,33.2,10.5
136,Rachel,38,Freelancer,4,6.1,29.2,4.1,29.5,10.9
136,Rachel,38,Freelancer,5,11.6,27.9,3.3,18.1,11.9
136,Rachel,38,Freelancer,6,7.8,34.5,3.5,45.9,11.8
136,Rachel,38,Freelancer,7,7.8,32.9,4.9,54.0,8.5
136,Rachel,38,Freelancer,8,2.5,25.1,2.7,43.1,5.9
136,Rachel,38,Freelancer,9,5.9,34.2,4.2,33.2,11.1
136,Rachel,38,Freelancer,10,10.7,28.9,3.8,34.6,9.6
136,Rachel,38,Freelancer,11,4.4,32.6,2.4,44.6,9.2
136,Rachel,38,Freelancer,12,17.0,38.3,4.1,27.3,18.0
137,William,42,Student,1,12.7,40.2,2.0,27.9,17.0
137,William,42,Student,2,7.4,28.7,2.3,13.8,12.8
137,William,42,Student,3,10.8,31.5,3.0,43.5,10.3
137,William,42,Student,4,9.6,37.7,3.2,42.9,11.6
137,William,42,Student,5,16.5,32.9,1.6,27.7,14.2
137,William,42,Student,6,8.3,28.0,3.6,24.4,11.4
137,William,42,Student,7,7.9,31.5,3.1,24.7,12.9
137,William,42,Student,8,6.7,29.2,2.7,59.7,6.8
137,William,42,Student,9,11.7,28.4,3.2,39.9,11.4
137,William,42,Student,10,5.3,24.6,2.3,35.0,5.4
137,William,42,Student,11,7.1,36.4,2.8,10.0,15.5
137,William,42,Student,12,11.8,17.2,3.8,40.2,7.8
138,Samantha,43,Engineer,1,11.4,26.1,4.1,36.5,9.0
138,Samantha,43,Engineer,2,8.1,32.9,4.7,34.8,10.4
138,Samantha,43,Engineer,3,13.3,17.9,1.9,21.2,10.4
138,Samantha,43,Engineer,4,6.2,32.8,2.9,51.4,9.2
138,Samantha,43,Engineer,5,8.6,28.4,3.7,53.2,9.6
138,Samantha,43,Engineer,6,2.9,36.0,3.9,25.0,12.4
138,Samantha,43,Engineer,7,13.8,28.2,4.0,22.2,15.0
138,Samantha,43,Engineer,8,7.9,29.8,3.4,23.9,11.4
138,Samantha,43,Engineer,9,9.4,34.4,4.1,32.1,12.1
138,Samantha,43,Engineer,10,12.0,29.5,3.7,26.2,11.9
138,Samantha,43,Engineer,11,6.9,25.7,1.1,26.3,10.0
138,Samantha,43,Engineer,12,12.1,28.4,2.2,30.1,13.9
139,Natalie,41,Designer,1,11.2,31.1,3.4,28.0,11.6
139,Natalie,41,Designer,2,8.5,39.0,2.3,24.9,13.9
139,Natalie,41,Designer,3,6.9,35.9,3.6,24.0,13.7
139,Natalie,41,Designer,4,9.8,29.7,3.5,24.0,10.8
139,Natalie,41,Designer,5,13.5,30.9,2.6,18.0,15.7
139,Natalie,41,Designer,6,14.0,28.0,2.2,47.8,9.2
139,Natalie,41,Designer,7,10.7,32.7,4.9,23.4,12.0
139,Natalie,41,Designer,8,11.8,36.0,2.9,39.1,13.6
139,Natalie,41,Designer,9,11.1,24.7,2.0,35.7,9.0
139,Natalie,41,Designer,10,10.2,28.3,1.5,38.7,8.9
139,Natalie,41,Designer,11,8.2,31.4,3.2,21.9,13.1
139,Natalie,41,Designer,12,6.8,28.6,3.8,50.4,6.8
140,April,30,Designer,1,11.7,25.5,4.3,42.2,12.1
140,April,30,Designer,2,6.4,23.1,3.7,41.8,8.4
140,April,30,Designer,3,10.5,30.3,2.7,31.6,11.5
140,April,30,Designer,4,11.5,27.7,2.9,36.8,10.4
140,April,30,Designer,5,10.3,25.1,1.2,50.9,6.5
140,April,30,Designer,6,9.9,35.8,3.7,36.4,12.8
140,April,30,Designer,7,9.6,27.0,1.3,39.6,9.8
140,April,30,Designer,8,8.8,26.7,2.5,31.1,7.8
140,April,30,Designer,9,12.4,36.4,3.4,30.0,14.9
140,April,30,Designer,10,12.1,36.3,3.9,28.3,13.8
140,April,30,Designer,11,7.0,40.2,2.7,26.9,13.9
140,April,30,Designer,12,9.7,34.5,2.3,40.3,12.5
141,Marissa,27,Engineer,1,13.3,39.0,2.2,46.4,14.2
141,Marissa,27,Engineer,2,7.7,40.3,2.4,38.9,11.3
141,Marissa,27,Engineer,3,8.9,25.4,4.3,30.9,8.9
141,Marissa,27,Engineer,4,6.1,32.6,2.5,26.9,12.5
141,Marissa,27,Engineer,5,13.7,36.0,1.2,28.0,14.8
141,Marissa,27,Engineer,6,13.2,30.0,3.7,40.6,11.4
141,Marissa,27,Engineer,7,5.8,27.6,1.9,11.5,11.5
141,Marissa,27,Engineer,8,7.5,37.1,2.0,30.9,11.0
141,Marissa,27,Engineer,9,13.3,26.4,4.0,47.4,11.2
141,Marissa,27,Engineer,10,9.6,30.0,2.9,41.0,10.6
141,Marissa,27,Engineer,11,17.7,27.1,3.4,33.5,15.6
141,Marissa,27,Engineer,12,8.5,41.0,2.6,29.3,14.9
142,Derrick,36,Freelancer,1,10.5,24.0,2.3,44.5,7.7
142,Derrick,36,Freelancer,2,14.8,29.5,1.9,34.3,12.9
142,Derrick,36,Freelancer,3,15.2,20.7,4.7,46.0,11.8
142,Derrick,36,Freelancer,4,11.3,32.1,4.6,50.0,12.3
142,Derrick,36,Freelancer,5,5.6,30.1,3.4,27.4,10.6
142,Derrick,36,Freelancer,6,7.9,35.6,3.4,28.8,12.4
142,Derrick,36,Freelancer,7,14.3,21.5,1.1,33.3,10.0
142,Derrick,36,Freelancer,8,6.1,39.6,3.6,19.9,13.0
142,Derrick,36,Freelancer,9,11.7,27.8,2.4,29.5,13.2
142,Derrick,36,Freelancer,10,8.3,34.4,4.2,22.9,11.1
142,Derrick,36,Freelancer,11,7.8,26.5,2.7,36.1,8.6
142,Derrick,36,Freelancer,12,13.2,26.0,2.8,35.4,12.5
143,Phillip,21,Freelancer,1,12.3,26.0,3.9,44.4,8.5
143,Phillip,21,Freelancer,2,7.4,29.9,3.4,51.9,6.3
143,Phillip,21,Freelancer,3,10.6,31.8,2.9,53.4,11.9
143,Phillip,21,Freelancer,4,13.5,21.0,3.3,44.2,8.3
143,Phillip,21,Freelancer,5,7.9,38.6,2.8,37.8,13.1
143,Phillip,21,Freelancer,6,11.6,29.2,3.0,38.7,9.5
143,Phillip,21,Freelancer,7,5.2,21.4,3.8,50.9,2.9
143,Phillip,21,Freelancer,8,15.3,31.7,1.5,32.5,14.9
143,Phillip,21,Freelancer,9,6.7,31.0,3.0,41.7,8.8
143,Phillip,21,Freelancer,10,9.5,29.7,4.1,20.6,13.2
143,Phillip,21,Freelancer,11,5.1,34.9,2.9,38.8,9.3
143,Phillip,21,Freelancer,12,12.5,25.1,1.1,33.2,10.5
144,Patrick,28,Engineer,1,7.7,23.6,2.0,44.8,8.5
144,Patrick,28,Engineer,2,10.0,29.2,2.0,39.5,10.7
144,Patrick,28,Engineer,3,8.3,33.2,2.4,45.2,8.7
144,Patrick,28,Engineer,4,14.7,26.2,0.7,40.4,11.0
144,Patrick,28,Engineer,5,10.7,32.7,2.8,36.1,13.6
144,Patrick,28,Engineer,6,12.7,24.2,3.1,40.7,11.0
144,Patrick,28,Engineer,7,6.7,30.0,3.7,31.7,8.3
144,Patrick,28,Engineer,8,14.4,39.4,2.0,16.1,15.9
144,Patrick,28,Engineer,9,14.5,20.2,3.6,33.7,12.0
144,Patrick,28,Engineer,10,9.4,30.4,2.3,23.2,13.4
144,Patrick,28,Engineer,11,12.5,26.1,1.2,28.8,13.3
144,Patrick,28,Engineer,12,7.9,26.6,1.1,47.3,7.6
145,Megan,20,Engineer,1,12.8,37.8,1.8,44.1,15.2
145,Megan,20,Engineer,2,9.6,23.5,1.1,52.9,7.0
145,Megan,20,Engineer,3,5.6,35.7,2.4,12.8,14.4
145,Megan,20,Engineer,4,11.6,32.5,2.7,30.4,12.3
145,Megan,20,Engineer,5,11.2,27.5,2.7,35.9,12.6
145,Megan,20,Engineer,6,7.6,30.8,2.8,38.8,11.5
145,Megan,20,Engineer,7,10.0,31.2,3.9,35.5,13.4
145,Megan,20,Engineer,8,12.9,29.9,4.8,43.7,12.9
145,Megan,20,Engineer,9,7.8,34.9,2.4,35.0,12.9
145,Megan,20,Engineer,10,9.0,38.1,3.2,30.1,15.3
145,Megan,20,Engineer,11,13.4,28.3,3.0,47.4,13.0
145,Megan,20,Engineer,12,13.8,29.8,3.1,40.9,10.9
146,Debra,21,Student,1,5.5,28.2,3.8,33.0,10.0
146,Debra,21,Student,2,10.5,31.8,4.2,18.1,14.8
146,Debra,21,Student,3,4.2,36.5,3.2,35.0,10.8
146,Debra,21,Student,4,11.6,33.8,1.4,37.2,14.0
146,Debra,21,Student,5,9.9,27.9,3.7,40.9,9.6
146,Debra,21,Student,6,8.2,35.0,2.9,34.9,12.9
146,Debra,21,Student,7,10.6,31.6,2.5,39.8,12.8
146,Debra,21,Student,8,5.8,25.7,1.4,22.1,8.1
146,Debra,21,Student,9,11.1,34.0,3.8,29.3,14.8
146,Debra,21,Student,10,11.1,35.3,1.3,15.2,15.8
146,Debra,21,Student,11,5.3,28.3,2.5,33.0,10.0
146,Debra,21,Student,12,14.8,32.3,3.4,28.3,16.6
147,Jessica,36,Manager,1,12.3,24.8,2.4,25.7,12.8
147,Jessica,36,Manager,2,10.8,26.5,1.5,53.0,7.3
147,Jessica,36,Manager,3,6.8,28.8,3.5,35.9,9.4
147,Jessica,36,Manager,4,11.0,26.0,2.7,47.6,10.0
147,Jessica,36,Manager,5,13.3,31.6,3.9,42.7,11.2
147,Jessica,36,Manager,6,5.5,34.3,4.1,35.9,12.1
147,Jessica,36,Manager,7,11.9,37.5,3.8,15.9,18.3
147,Jessica,36,Manager,8,4.4,36.7,1.7,31.7,9.0
147,Jessica,36,Manager,9,9.6,21.0,3.1,41.8,8.3
147,Jessica,36,Manager,10,10.1,36.6,1.8,32.1,13.1
147,Jessica,36,Manager,11,6.2,31.3,2.2,37.3,8.5
147,Jessica,36,Manager,12,8.3,19.9,3.4,42.4,6.9
148,Brian,25,Engineer,1,11.4,29.2,2.9,51.5,10.7
148,Brian,25,Engineer,2,10.4,32.5,4.3,29.0,14.8
148,Brian,25,Engineer,3,8.5,33.7,3.4,27.7,14.1
148,Brian,25,Engineer,4,4.1,28.9,3.8,30.8,8.4
148,Brian,25,Engineer,5,11.1,29.5,3.4,31.1,10.5
148,Brian,25,Engineer,6,11.7,29.7,3.4,43.2,12.4
148,Brian,25,Engineer,7,12.0,34.8,3.1,21.5,16.9
148,Brian,25,Engineer,8,8.2,19.5,4.8,54.3,6.4
148,Brian,25,Engineer,9,13.7,23.6,4.0,45.9,9.8
148,Brian,25,Engineer,10,10.1,31.9,1.9,31.3,11.4
148,Brian,25,Engineer,11,8.2,28.0,3.6,44.4,10.7
148,Brian,25,Engineer,12,9.8,25.7,3.1,17.6,12.1
149,Stanley,42,Engineer,1,13.2,24.5,4.9,40.7,9.7
149,Stanley,42,Engineer,2,9.8,24.4,3.0,33.8,8.0
149,Stanley,42,Engineer,3,14.2,26.9,2.2,35.5,13.3
149,Stanley,42,Engineer,4,2.7,24.4,1.7,25.4,8.3
149,Stanley,42,Engineer,5,7.1,19.1,3.6,35.1,5.1
149,Stanley,42,Engineer,6,5.1,27.4,3.6,46.0,7.1
149,Stanley,42,Engineer,7,7.3,30.8,2.9,47.0,9.6
149,Stanley,42,Engineer,8,10.0,37.8,3.5,35.0,14.0
149,Stanley,42,Engineer,9,7.7,31.8,2.7,33.3,12.3
149,Stanley,42,Engineer,10,6.4,30.3,3.9,38.5,10.7
149,Stanley,42,Engineer,11,10.5,29.1,3.2,36.1,11.1
149,Stanley,42,Engineer,12,9.0,27.2,2.0,40.3,9.4
150,Lindsey,37,Engineer,1,12.0,23.9,3.4,46.5,9.6
150,Lindsey,37,Engineer,2,10.3,36.4,3.8,30.0,14.8
150,Lindsey,37,Engineer,3,8.5,28.7,2.6,31.7,9.4
150,Lindsey,37,Engineer,4,11.1,30.2,3.5,33.9,12.3
150,Lindsey,37,Engineer,5,5.9,28.1,3.3,28.8,9.4
150,Lindsey,37,Engineer,6,13.3,25.9,0.3,18.9,11.0
150,Lindsey,37,Engineer,7,9.6,35.3,1.8,36.4,11.6
150,Lindsey,37,Engineer,8,13.8,25.3,3.3,47.3,10.6
150,Lindsey,37,Engineer,9,9.0,32.7,3.1,35.3,11.4
150,Lindsey,37,Engineer,10,10.5,31.1,2.9,33.3,12.9
150,Lindsey,37,Engineer,11,12.2,31.2,3.5,36.9,11.9
150,Lindsey,37,Engineer,12,11.0,33.9,3.5,26.1,13.4
